Year,Month,Station,Station_alias,Date,North_decimal_degrees,West_decimal_degrees,Corbicula_AFDM_g_per_m2,Corbicula_density_per_m2,Corbicula_filtration_rate_m3_per_m2_per_day,Corbicula_grazing_rate_m3_per_m2_per_day,Potamocorbula_AFDM_g_per_m2,Potamocorbula_density_per_m2,Potamocorbula_filtration_rate_m3_per_m2_per_day,Potamocorbula_grazing_rate_m3_per_m2_per_day,Total_AFDM_g_per_m2,Total_density_per_m2,Total_filtration_rate_m3_per_m2_per_day,Total_grazing_rate_m3_per_m2_per_day,Corbicula_grazing_turnover_per_day,Potamocorbula_grazing_turnover_per_day,Total_grazing_turnover_per_day,Depth_ft,Depth_m,Percent_Organic_Matter,Percent_Clay,Percent_Silt,Percent_Mica,Percent_Fine_Sand,Percent_Coarse_Sand,Percent_Gravel,Percent_Fines,Water_temperature_C,Specific_conductivity_uS_per_cm,pH,Chlorophyll_a_ug_per_L,Turbidity_NTU,Dissolved_oxygen_mg_per_L,Sediment,Habitat,Habitat_type,Done_all_years
2018,July,SM01,Benthic D7,2018-07-24T00:00:00Z,38.1171292,-122.0395539,0,0,0,0,2.663864713,5187.5,1.065545885,0.000865896,2.663864713,5187.5,1.065545885,0.000865896,0,0.000394565,0.000394565,7.2,2.19456,0,50,50,0,0,0,0,100,22.06,16237,7.92,3.2,32.5,8.04,Fines,River,River,yes
2018,July,SM02,NZ032,2018-07-24T00:00:00Z,38.16991,-122.0211,8.451751023,307.6923077,1.010988642,0.000879314,11.32428046,3288.461538,4.529712185,0.003411315,19.77603149,3596.153846,5.540700828,0.00429063,9.62E-05,0.000373066,0.000469229,30,9.144,10,80,10,0,0,0,0,90,22.21,14153,7.84,2.5,2.5,8.21,Fines,Channel,Marsh,no
2018,July,SM03,GRTS 27,2018-07-24T00:00:00Z,38.17014363,-122.0307802,0,0,0,0,0.272418219,2038.461538,0.108967288,9.79E-05,0.272418219,2038.461538,0.108967288,9.79E-05,0,2.47E-05,2.47E-05,13,3.9624,10,85,5,0,0,0,0,90,21.96,14157,7.82,2.5,2.5,8.28,Fines,Channel,Marsh,yes
2018,July,SM04,GRTS 684,2018-07-24T00:00:00Z,38.10059878,-121.8937056,29.24877457,557.6923077,3.130186985,0.002420179,0.003272316,19.23076923,0.001308926,1.29E-06,29.25204689,576.9230769,3.131495911,0.002421473,0.000794022,4.25E-07,0.000794446,10,3.048,0,40,10,0,50,0,0,50,21.24,5493,7.83,4.1,67.5,8.49,Sand,Channel,Marsh,no
2018,July,SM05,GRTS 11,2018-07-24T00:00:00Z,38.18737583,-121.9799724,2.333675778,96.15384615,0.312016152,0.000292807,1.039551735,3288.461538,0.415820694,0.000357861,3.373227513,3384.615385,0.727836846,0.000650668,4.00E-05,4.89E-05,8.89E-05,24,7.3152,0,90,10,0,0,0,0,100,22.95,11788,7.76,6.3,32.1,7.67,Fines,Channel,Marsh,no
2018,July,SM06,GRTS 15,2018-07-25T00:00:00Z,38.13925668,-122.0806783,0,0,0,0,9.163711309,7153.846154,3.665484524,0.002645212,9.163711309,7153.846154,3.665484524,0.002645212,0,0.001735703,0.001735703,5,1.524,0,95,5,0,0,0,0,100,22.22,15546,7.77,3.9,71.5,7.85,Fines,Channel,Marsh,no
2018,July,SM07,GRTS 1434,2018-07-24T00:00:00Z,38.167088,-121.9372859,37.51595144,942.3076923,4.487614545,0.003370809,34.44813867,9076.923077,13.77925547,0.008191829,71.96409011,10019.23077,18.26687001,0.011562638,0.000544782,0.001323945,0.001868727,20.3,6.18744,10,80,10,0,0,0,0,90,22.23,10409,7.71,5.4,20.3,7.93,Fines,Channel,Marsh,yes
2018,July,SM08,GRTS 1450,2018-07-24T00:00:00Z,38.137503,-122.0599708,26.81628324,250,3.20773266,0.002659971,12.14628159,5211.538462,4.858512637,0.003518457,38.96256484,5461.538462,8.066245297,0.006178427,0.002181734,0.002885873,0.005067608,4,1.2192,10,80,10,0,0,0,0,90,22.5,14027,7.97,3.3,27.7,8.63,Fines,Channel,Marsh,no
2018,July,SM09,Volanti (VOL),2018-07-25T00:00:00Z,38.18045,-122.0476,0,0,0,0,0.007775236,192.3076923,0.003110094,3.03E-06,0.007775236,192.3076923,0.003110094,3.03E-06,0,8.79E-07,8.79E-07,11.3,3.44424,0,95,5,0,0,0,0,100,22.33,12658,7.83,43.8,342.3,7.27,Fines,Channel,Marsh,yes
2018,July,SM10,Godfather II at Goodyear Slough (GOD),2018-07-25T00:00:00Z,38.1238,-122.0812,0,0,0,0,6.243503263,2846.153846,2.497401305,0.001945831,6.243503263,2846.153846,2.497401305,0.001945831,0,0.000911994,0.000911994,7,2.1336,5,90,5,0,0,0,0,95,22.03,14594,7.85,4.1,71.3,7.76,Fines,Channel,Marsh,yes
2018,July,SM11,Blacklock (BLL),2018-07-24T00:00:00Z,38.1801,-121.9069,0.009451714,19.23076923,0.001130603,1.12E-06,0,0,0,0,0.009451714,19.23076923,0.001130603,1.12E-06,1.31E-06,0,1.31E-06,2.8,0.85344,20,0,80,0,0,0,0,80,21.93,10352,7.83,6.9,17.6,8.49,Fines,Slough,Marsh,yes
2018,July,SM12,Beldon Landing (BDL),2018-07-24T00:00:00Z,38.1869,-121.9708,0,0,0,0,0.001798039,57.69230769,0.000719216,7.08E-07,0.001798039,57.69230769,0.000719216,7.08E-07,0,3.32E-07,3.32E-07,7,2.1336,20,80,0,0,0,0,0,80,22.8,11116,7.72,3.3,18.9,7.6,Fines,Channel,Marsh,yes
2018,July,SM13,National Steel (NSL),2018-07-24T00:00:00Z,38.1221,-121.8881,5.805577724,153.8461538,0.694456465,0.000616055,0,0,0,0,5.805577724,153.8461538,0.694456465,0.000616055,0.000164323,0,0.000164323,12.3,3.74904,0,0,50,0,50,0,0,50,21.52,7146,7.83,2.2,32.9,8.44,Sand,Channel,Marsh,yes
2018,July,SM14,Montezuma Slough at Roaring River (MSL),2018-07-24T00:00:00Z,38.0934,-121.8872,2.367692706,326.9230769,0.253389108,0.000238448,0,0,0,0,2.367692706,326.9230769,0.253389108,0.000238448,5.29E-05,0,5.29E-05,14.8,4.51104,0,100,0,0,0,0,0,100,21.4,446,7.81,4.8,55.9,8.51,Fines,Channel,Marsh,yes
2018,July,SM15,Collinsville at Sacramento River (CSE),2018-07-24T00:00:00Z,38.074,-121.8501,0.312448794,38.46153846,0.037374762,3.63E-05,0.236455244,346.1538462,0.094582098,9.00E-05,0.548904038,384.6153846,0.13195686,0.000126265,1.02E-05,2.52E-05,3.54E-05,11.7,3.56616,0,0,100,0,0,0,0,100,21.93,1302,7.98,1.6,33,8.59,Fines,River,Marsh,yes
2018,July,SM16,Grizzly Bay (GZL),2018-07-24T00:00:00Z,38.12404983,-122.038117,0,0,0,0,2.689399627,2230.769231,1.075759851,0.000918976,2.689399627,2230.769231,1.075759851,0.000918976,0,0.000861432,0.000861432,3.5,1.0668,0,95,5,0,0,0,0,100,21.87,13473,7.9,2.4,20.5,8.47,Fines,River,River,no
2018,July,SM17,"S-4, Hill Slough",2018-07-25T00:00:00Z,38.22562373,-122.0218963,5.85360711,96.15384615,0.700201685,0.000639099,0.005892855,76.92307692,0.002357142,2.31E-06,5.859499964,173.0769231,0.702558827,0.00064141,0.000419357,1.52E-06,0.000420873,5,1.524,10,90,0,0,0,0,0,90,21.73,8823,7.84,5.4,49.6,7.83,Fines,Slough,Marsh,yes
2018,July,SM18,Hunter Cut at Montezuma Slough (HUN),2018-07-24T00:00:00Z,38.156,-122.0527,0,0,0,0,4.587629254,3076.923077,1.835051701,0.001539248,4.587629254,3076.923077,1.835051701,0.001539248,0,0.000388464,0.000388464,13,3.9624,0,95,5,0,0,0,0,100,22.02,14613,7.88,4.7,25.1,8.22,Fines,Channel,Marsh,yes
2018,July,SM19,Suisun Slough 1,2018-07-24T00:00:00Z,38.15695871,-122.0610917,2.684747308,76.92307692,0.358954972,0.00032809,0.151879189,653.8461538,0.060751676,5.72E-05,2.836626497,730.7692308,0.419706648,0.000385308,0.000371176,6.47E-05,0.000435909,2.9,0.88392,5,90,5,0,0,0,0,95,23.04,15485,7.85,4.7,23.4,7.8,Fines,Channel,Marsh,no
2018,July,SM20,Suisun Slough 3,2018-07-25T00:00:00Z,38.19426512,-122.0419922,0,0,0,0,0,0,0,0,0,0,0,0,0,0,0,11.6,3.53568,0,100,0,0,0,0,0,100,22.04,11222,7.85,43.8,341.6,7.38,Fines,Channel,Marsh,no
2018,July,SM21,Suisun Slough 4,2018-07-25T00:00:00Z,38.21705719,-122.0317421,17.81114987,173.0769231,2.130549064,0.001801822,0.093675656,1230.769231,0.037470262,3.47E-05,17.90482553,1403.846154,2.168019326,0.001836572,0.000844499,1.63E-05,0.000860786,7,2.1336,5,90,5,0,0,0,0,95,21.65,9697,7.85,5.4,49.5,7.83,Fines,Channel,Marsh,yes
2018,July,SM22,Boynton Slough,2018-07-25T00:00:00Z,38.20880724,-122.0547408,0,0,0,0,0,0,0,0,0,0,0,0,0,0,0,8,2.4384,0,90,10,0,0,0,0,100,22.35,5471,7.7,5.4,49.7,7.77,Fines,Slough,Marsh,no
2018,July,SM24,Cutoff Slough,2018-07-25T00:00:00Z,38.18890546,-122.0205925,16.74082584,115.3846154,2.238274959,0.001981809,0.020247766,134.6153846,0.008099106,7.87E-06,16.7610736,250,2.246374065,0.001989678,0.001354583,5.38E-06,0.001359962,4.8,1.46304,25,75,0,0,0,0,0,75,23.13,10803,7.65,9.2,46.3,6.8,Fines,Slough,Marsh,yes
2018,July,SM25,Second Mallard,2018-07-25T00:00:00Z,38.19350394,-122.0097257,0.749259901,19.23076923,0.100177237,9.57E-05,0,0,0,0,0.749259901,19.23076923,0.100177237,9.57E-05,7.85E-05,0,7.85E-05,4,1.2192,5,95,0,0,0,0,0,95,23.27,10866,7.56,9.2,46.3,6.78,Fines,Slough,Marsh,yes
2018,July,SM26,Joice Island,2018-07-25T00:00:00Z,38.18785513,-122.0018367,0.177770032,19.23076923,0.023768135,2.31E-05,0.092352323,942.3076923,0.036940929,3.45E-05,0.270122355,961.5384615,0.060709064,5.76E-05,6.89E-06,1.03E-05,1.72E-05,11,3.3528,5,95,0,0,0,0,0,95,23.25,10701,7.69,9.8,30.6,6.89,Fines,Slough,Marsh,no
2018,July,SM27,Montezuma Slough  at Tree Slough,2018-07-24T00:00:00Z,38.18052625,-121.9960989,0,0,0,0,2.380318309,1115.384615,0.952127324,0.000833817,2.380318309,1115.384615,0.952127324,0.000833817,0,0.000107702,0.000107702,25.4,7.74192,0,80,20,0,0,0,0,100,23.03,12585,7.78,2.5,2.5,8.04,Fines,Channel,Marsh,yes
2018,July,SM28,Nurse Slough 1,2018-07-24T00:00:00Z,38.17532347,-121.920996,0.027309025,192.3076923,0.003266674,3.19E-06,0.056082019,884.6153846,0.022432808,2.10E-05,0.083391044,1076.923077,0.025699482,2.42E-05,1.75E-06,1.15E-05,1.32E-05,6,1.8288,10,85,5,0,0,0,0,90,21.74,9701,7.73,5.7,20.2,7.98,Fines,Slough,Marsh,no
2018,July,SM29,Nurse Slough 2,2018-07-24T00:00:00Z,38.17406015,-121.9056881,0.08175829,346.1538462,0.009779832,9.39E-06,0.006544632,38.46153846,0.002617853,2.58E-06,0.088302922,384.6153846,0.012397684,1.20E-05,7.90E-06,2.17E-06,1.01E-05,3.9,1.18872,50,0,50,0,0,0,0,50,21.67,10490,7.67,0.4,-0.8,7.98,Organic,Slough,Marsh,no
2018,July,SM30,Nurse Slough 3,2018-07-24T00:00:00Z,38.19976465,-121.9166404,0.404747209,96.15384615,0.048415391,4.67E-05,0.014957451,19.23076923,0.00598298,5.89E-06,0.419704659,115.3846154,0.054398371,5.26E-05,1.92E-05,2.42E-06,2.16E-05,8,2.4384,10,85,5,0,0,0,0,90,22.07,10316,7.66,10.2,34.2,8.72,Fines,Slough,Marsh,yes
2018,July,SM31,Montezuma Slough 1,2018-07-24T00:00:00Z,38.14486063,-121.9095222,4.45604453,57.69230769,0.533026872,0.000490597,0.884211673,230.7692308,0.353684669,0.000330188,5.340256203,288.4615385,0.886711541,0.000820785,0.000134131,9.03E-05,0.000224405,12,3.6576,0,100,0,0,0,0,0,100,21.84,7618,7.85,2.9,28.6,8.33,Fines,Channel,Marsh,yes
2018,July,SM32,Montezuma Slough at Collinsville,2018-07-24T00:00:00Z,38.07203113,-121.8689521,0.02329721,38.46153846,0.002786785,2.74E-06,0.000924526,38.46153846,0.00036981,3.65E-07,0.024221736,76.92307692,0.003156596,3.10E-06,6.28E-07,8.38E-08,7.12E-07,14.3,4.35864,0,100,0,0,0,0,0,100,21.8,2022,7.86,3,45.9,8.47,Fines,Channel,Marsh,no
2018,July,SM33,Montezuma Slough 2,2018-07-24T00:00:00Z,38.171175,-121.958181,4.0373137,115.3846154,0.539795243,0.000491089,14.13716563,4884.615385,5.654866251,0.004111175,18.17447933,5000,6.194661494,0.004602264,6.71E-05,0.000562004,0.000629137,24,7.3152,10,90,0,0,0,0,0,90,22.54,10632,7.74,5.4,20.3,7.87,Fines,Channel,Marsh,no
2018,July,SM34,Montezuma Slough 3,2018-07-24T00:00:00Z,38.155229,-121.923313,6.100405326,884.6153846,0.729723401,0.000683138,0,0,0,0,6.100405326,884.6153846,0.729723401,0.000683138,0.00016009,0,0.00016009,14,4.2672,0,90,10,0,0,0,0,100,21.65,8370,7.81,4.7,20.9,8.08,Fines,Channel,Marsh,no
2018,July,SM35,Montezuma Slough 4,2018-07-24T00:00:00Z,38.122952,-121.914452,40.05419352,1769.230769,4.791236115,0.003781833,0.763580193,96.15384615,0.305432077,0.000289274,40.81777372,1865.384615,5.096668192,0.004071108,0.000516983,3.95E-05,0.000556527,24,7.3152,35,60,5,0,0,0,0,65,21.7,6959,7.86,3.6,31.7,8.33,Fines,Channel,Marsh,no
2018,July,SM38,Cygnus - Cordelia Slough (CYG),2018-07-25T00:00:00Z,38.1527,-122.0908,0,0,0,0,87.24170817,10923.07692,34.89668327,0.013394658,87.24170817,10923.07692,34.89668327,0.013394658,0,0.001831072,0.001831072,24,7.3152,5,90,5,0,0,0,0,95,22.31,15065,7.6,28.4,1.8,7.12,Fines,Slough,Marsh,yes
2018,July,SM40,Wells Slough,2018-07-25T00:00:00Z,38.17939489,-122.0711955,6.673383596,153.8461538,0.798262396,0.000718954,0.155641777,2134.615385,0.062256711,5.59E-05,6.829025373,2288.461538,0.860519107,0.000774885,0.000310365,2.41E-05,0.00033451,7.6,2.31648,5,90,5,0,0,0,0,95,22.37,13146,7.83,4.2,67.5,7.92,Fines,Slough,Marsh,yes
2018,July,SM41,Wells Slough 2,2018-07-25T00:00:00Z,38.19122452,-122.0662753,0.913341309,57.69230769,0.122115181,0.000117218,0,0,0,0,0.913341309,57.69230769,0.122115181,0.000117218,0.000192286,0,0.000192286,2,0.6096,5,95,0,0,0,0,0,95,22.52,13430,7.58,31.6,12.1,7.76,Fines,Slough,Marsh,no
2018,July,SM42,Sheldrake Slough,2018-07-25T00:00:00Z,38.19791558,-122.0512302,0,0,0,0,0,0,0,0,0,0,0,0,0,0,0,3,0.9144,5,90,5,0,0,0,0,95,22.5,9973,7.86,5.4,49.8,7.64,Fines,Slough,Marsh,yes
2018,July,SM43,Peytonia Slough,2018-07-25T00:00:00Z,38.22008214,-122.0449793,3.11E-05,19.23076923,3.71E-06,3.70E-09,0.015830964,38.46153846,0.006332385,6.22E-06,0.015862016,57.69230769,0.0063361,6.23E-06,4.05E-09,6.81E-06,6.81E-06,3,0.9144,10,90,0,0,0,0,0,90,21.76,8965,7.86,9.2,45.9,7.17,Fines,Slough,Marsh,yes
2018,July,SM44,Tree Slough,2018-07-24T00:00:00Z,38.16893679,-122.0038916,0.000783732,19.23076923,0.000104786,1.04E-07,0.082825342,192.3076923,0.033130137,3.19E-05,0.083609073,211.5384615,0.033234923,3.20E-05,6.32E-08,1.94E-05,1.94E-05,5.4,1.64592,30,60,10,0,0,0,0,70,23.47,10874,7.74,2.5,2.5,7.97,Fines,Slough,Marsh,yes
2018,July,SM45,Nurse Slough 4,2018-07-24T00:00:00Z,38.21771645,-121.9047008,0.000783732,19.23076923,0.000104786,1.04E-07,0,0,0,0,0.000783732,19.23076923,0.000104786,1.04E-07,9.49E-08,0,9.49E-08,3.6,1.09728,80,0,20,0,0,0,0,20,22.69,10481,7.49,15.5,79.6,6.92,Organic,Slough,Marsh,yes
2018,July,SM49,Luco Slough 2,2018-07-24T00:00:00Z,38.210133,-121.924333,0,0,0,0,0,0,0,0,0,0,0,0,0,0,0,2.6,0.79248,20,80,0,0,0,0,0,80,22.14,10368,7.54,13.8,188.2,6.6,Fines,Slough,Marsh,yes
2018,July,SM50,Goodyear Slough 2,2018-07-25T00:00:00Z,38.123083,-122.099383,0,0,0,0,0.014064802,134.6153846,0.005625921,5.48E-06,0.014064802,134.6153846,0.005625921,5.48E-06,0,2.57E-06,2.57E-06,7,2.1336,20,80,0,0,0,0,0,80,22.02,15748,7.54,4,5.4,7.32,Fines,Slough,Marsh,yes
2018,July,SM51,First Mallard 2,2018-07-25T00:00:00Z,38.2029,-122.02935,0.796432156,57.69230769,0.106484242,0.000101709,1.412104217,750,0.564841687,0.000505457,2.208536373,807.6923077,0.671325929,0.000607167,9.27E-05,0.000460646,0.000553338,3.6,1.09728,5,90,5,0,0,0,0,95,23.35,9963,7.85,9.2,46.3,6.78,Fines,Slough,Marsh,yes
2018,July,SM52,Benthic D4,2018-07-23T00:00:00Z,38.0581151,-121.8193499,11.3134731,778.8461538,1.512629292,0.001259337,0,0,0,0,11.3134731,778.8461538,1.512629292,0.001259337,0.000264851,0,0.000264851,15.6,4.75488,70,5,5,0,20,0,0,10,22.58,517,7.69,2.3,12,8.54,Organic,River,River,yes
2018,September,SM01,Benthic D7,2018-09-25T00:00:00Z,38.1171292,-122.0395539,0,0,0,0,3.683046019,3889.423077,1.473218408,0.001196829,3.683046019,3889.423077,1.473218408,0.001196829,0,0.000662319,0.000662319,5.928571429,1.807028571,0,100,0,0,0,0,0,100,19.12,16938,7.81,2.7,31.2,8.5,Fines,River,River,yes
2018,September,SM02,NZ032,2018-09-24T00:00:00Z,38.16991,-122.0211,0,0,0,0,6.524807544,2576.923077,2.609923017,0.002086837,6.524807544,2576.923077,2.609923017,0.002086837,0,0.000228219,0.000228219,30,9.144,5,85,10,0,0,0,0,95,19.32,12591,7.76,3.2,43.9,8.43,Fines,Channel,Marsh,no
2018,September,SM03,GRTS 27,2018-09-24T00:00:00Z,38.17014363,-122.0307802,3.983996437,19.23076923,0.381268459,0.000352618,2.969083928,1057.692308,1.187633571,0.001040269,6.953080365,1076.923077,1.56890203,0.001392887,0.000103161,0.00030434,0.000407501,11.21428571,3.418114286,5,85,10,0,0,0,0,95,20.12,12632,7.8,5.4,51.5,8.5,Fines,Channel,Marsh,yes
2018,September,SM04,GRTS 684,2018-09-24T00:00:00Z,38.10059878,-121.8937056,30.21493386,634.6153846,2.89156917,0.002403652,0.058971732,38.46153846,0.023588693,2.31E-05,30.27390559,673.0769231,2.915157863,0.002426736,0.0007886,7.57E-06,0.000796173,10,3.048,0,20,5,0,75,0,0,25,20.17,7874,7.64,3,13.3,8.14,Sand,Channel,Marsh,no
2018,September,SM05,GRTS 11,2018-09-24T00:00:00Z,38.18737583,-121.9799724,17.58142548,442.3076923,1.881554015,0.001563113,41.78881353,9961.538462,16.71552541,0.009314611,59.37023901,10403.84615,18.59707943,0.010877724,0.00021368,0.001273323,0.001487003,24,7.3152,10,90,0,0,0,0,0,90,20.63,10801,7.7,4.5,22.7,8.43,Fines,Channel,Marsh,no
2018,September,SM06,GRTS 15,2018-09-25T00:00:00Z,38.13925668,-122.0806783,0,0,0,0,13.26369592,5807.692308,5.305478367,0.003666681,13.26369592,5807.692308,5.305478367,0.003666681,0,0.002405959,0.002405959,5,1.524,0,75,25,0,0,0,0,100,19.79,15223,7.73,4.5,63.2,8.08,Fines,Channel,Marsh,no
2018,September,SM07,GRTS 1434,2018-09-24T00:00:00Z,38.167088,-121.9372859,3.983996437,19.23076923,0.381268459,0.000352618,0.332912201,384.6153846,0.13316488,0.000125352,4.316908638,403.8461538,0.514433339,0.00047797,5.54E-05,1.97E-05,7.51E-05,20.87142857,6.361611429,5,80,10,0,5,0,0,90,20.09,9532,7.69,2,19.1,8.29,Fines,Channel,Marsh,yes
2018,September,SM08,GRTS 1450,2018-09-24T00:00:00Z,38.137503,-122.0599708,1.393751005,57.69230769,0.133381971,0.000125083,36.47863505,13269.23077,14.59145402,0.00777525,37.87238605,13326.92308,14.72483599,0.007900333,4.10E-05,0.002550935,0.002591973,10,3.048,0,100,0,0,0,0,0,100,19.77,14725,7.84,3.5,29.5,8.56,Fines,Channel,Marsh,no
2018,September,SM09,Volanti (VOL),2018-09-25T00:00:00Z,38.18045,-122.0476,0,0,0,0,0.009827291,76.92307692,0.003930916,3.85E-06,0.009827291,76.92307692,0.003930916,3.85E-06,0,1.84E-06,1.84E-06,6.842857143,2.085702857,0,90,10,0,0,0,0,100,20.12,12744,7.66,5.3,75.2,7.95,Fines,Channel,Marsh,yes
2018,September,SM10,Godfather II at Goodyear Slough (GOD),2018-09-25T00:00:00Z,38.1238,-122.0812,0,0,0,0,11.63667272,2596.153846,4.654669087,0.003470471,11.63667272,2596.153846,4.654669087,0.003470471,0,0.00060888,0.00060888,18.7,5.69976,0,60,40,0,0,0,0,100,19.81,16203,7.77,2.2,52.8,8.28,Fines,Channel,Marsh,yes
2018,September,SM11,Blacklock (BLL),2018-09-24T00:00:00Z,38.1801,-121.9069,0.221997441,38.46153846,0.021245155,2.05E-05,0.003021272,19.23076923,0.001208509,1.19E-06,0.225018713,57.69230769,0.022453664,2.17E-05,1.41E-05,8.24E-07,1.50E-05,4.757142857,1.449977143,30,50,20,0,0,0,0,70,20.42,9038,7.6,4.9,15.6,7.99,Fines,Slough,Marsh,yes
2018,September,SM12,Beldon Landing (BDL),2018-09-24T00:00:00Z,38.1869,-121.9708,33.73552515,250,3.228489757,0.002481163,1.192774077,1596.153846,0.477109631,0.000416427,34.92829923,1846.153846,3.705599388,0.00289759,0.00051289,8.61E-05,0.000598971,15.87142857,4.837611429,0,0,25,0,25,0,50,25,20.31,10953,7.69,4.5,-1.8,8.45,Gravel,Channel,Marsh,yes
2018,September,SM13,National Steel (NSL),2018-09-24T00:00:00Z,38.1221,-121.8881,5.46834176,134.6153846,0.523320306,0.000478271,0.486476967,19.23076923,0.194590787,0.000187127,5.954818727,153.8461538,0.717911093,0.000665398,0.000104609,4.09E-05,0.000145538,15,4.572,0,20,0,0,80,0,0,20,20.22,7630,7.63,5.2,11,8.55,Sand,Channel,Marsh,yes
2018,September,SM14,Montezuma Slough at Roaring River (MSL),2018-09-24T00:00:00Z,38.0934,-121.8872,11.19986078,365.3846154,1.071826677,0.000941445,0.000763474,19.23076923,0.00030539,3.03E-07,11.20062426,384.6153846,1.072132067,0.000941748,0.000200567,6.45E-08,0.000200631,15.4,4.69392,0,90,10,0,0,0,0,100,19.98,7491,7.73,2.5,15.1,8.44,Fines,Channel,Marsh,yes
2018,September,SM15,Collinsville at Sacramento River (CSE),2018-09-15T00:00:00Z,38.074,-121.8501,1.026371594,76.92307692,0.098223762,9.27E-05,0.256075126,1557.692308,0.10243005,9.30E-05,1.282446719,1634.615385,0.200653812,0.000185755,2.34E-05,2.35E-05,4.68E-05,13.01428571,3.966754286,0,90,10,0,0,0,0,100,19.81,6440,7.83,2,16.5,8.57,Fines,River,Marsh,yes
2018,September,SM16,Grizzly Bay (GZL),2018-09-25T00:00:00Z,38.12404983,-122.038117,0,0,0,0,3.943363052,1923.076923,1.577345221,0.001310024,3.943363052,1923.076923,1.577345221,0.001310024,0,0.001227994,0.001227994,3.5,1.0668,0,90,10,0,0,0,0,100,19.05,15853,7.89,5.6,69.7,,Fines,River,River,no
2018,September,SM17,"S-4, Hill Slough",2018-09-25T00:00:00Z,38.22562373,-122.0218963,0.057526671,384.6153846,0.005505302,5.30E-06,0.066697126,250,0.02667885,2.56E-05,0.124223797,634.6153846,0.032184153,3.09E-05,3.10E-06,1.50E-05,1.81E-05,5.614285714,1.711234286,80,0,10,0,10,0,0,10,19.67,9609,7.7,4.6,13.4,7.51,Organic,Slough,Marsh,yes
2018,September,SM18,Hunter Cut at Montezuma Slough (HUN),2018-09-24T00:00:00Z,38.156,-122.0527,0,0,0,0,16.73533171,7134.615385,6.694132683,0.004545266,16.73533171,7134.615385,6.694132683,0.004545266,0,0.001139585,0.001139585,13.08571429,3.988525714,0,90,10,0,0,0,0,100,20.14,13866,7.94,5.7,14.2,8.92,Fines,Channel,Marsh,yes
2018,September,SM19,Suisun Slough 1,2018-09-24T00:00:00Z,38.15695871,-122.0610917,0,0,0,0,0.007648748,115.3846154,0.003059499,2.99E-06,0.007648748,115.3846154,0.003059499,2.99E-06,0,3.38E-06,3.38E-06,2.9,0.88392,0,100,0,0,0,0,0,100,19.76,14386,7.81,8.2,29.9,8.57,Fines,Channel,Marsh,no
2018,September,SM20,Suisun Slough 3,2018-09-25T00:00:00Z,38.19426512,-122.0419922,0,0,0,0,0.277638521,1807.692308,0.111055409,9.97E-05,0.277638521,1807.692308,0.111055409,9.97E-05,0,2.82E-05,2.82E-05,11.6,3.53568,0,20,80,0,0,0,0,100,20.22,10997,7.61,5.3,42.6,7.29,Fines,Channel,Marsh,no
2018,September,SM21,Suisun Slough 4,2018-09-25T00:00:00Z,38.21705719,-122.0317421,17.41163236,365.3846154,1.666293217,0.001426986,0.129398971,692.3076923,0.051759588,4.83E-05,17.54103133,1057.692308,1.718052806,0.001475326,0.000441671,1.50E-05,0.000456633,10.6,3.23088,10,60,30,0,0,0,0,90,19.76,10001,7.69,8.2,44.1,7.28,Fines,Channel,Marsh,yes
2018,September,SM22,Boynton Slough,2018-09-25T00:00:00Z,38.20880724,-122.0547408,2.025526403,1192.307692,0.193842877,0.000180665,0.000763474,19.23076923,0.00030539,3.03E-07,2.026289877,1211.538462,0.194148266,0.000180968,7.41E-05,1.24E-07,7.42E-05,8,2.4384,50,10,40,0,0,0,0,50,20.33,8289,7.67,11.9,38.9,6.11,Organic,Slough,Marsh,no
2018,September,SM24,Cutoff Slough,2018-09-25T00:00:00Z,38.18890546,-122.0205925,0,0,0,0,0.005311695,76.92307692,0.002124678,2.08E-06,0.005311695,76.92307692,0.002124678,2.08E-06,0,1.34E-06,1.34E-06,5.114285714,1.558834286,20,70,10,0,0,0,0,80,20.76,9970,7.6,5.5,26,7.9,Fines,Slough,Marsh,yes
2018,September,SM25,Second Mallard,2018-09-25T00:00:00Z,38.19350394,-122.0097257,0,0,0,0,0,0,0,0,0,0,0,0,0,0,0,3.742857143,1.140822857,50,50,0,0,0,0,0,50,20.59,9807,7.59,3.8,5.8,8.25,Organic,Slough,Marsh,yes
2018,September,SM26,Joice Island,2018-09-25T00:00:00Z,38.18785513,-122.0018367,0,0,0,0,0.029579746,403.8461538,0.011831898,1.13E-05,0.029579746,403.8461538,0.011831898,1.13E-05,0,3.37E-06,3.37E-06,11,3.3528,30,70,0,0,0,0,0,70,21.08,11089,7.68,4.8,25.6,8.3,Fines,Slough,Marsh,no
2018,September,SM27,Montezuma Slough  at Tree Slough,2018-09-24T00:00:00Z,38.18052625,-121.9960989,0.000724167,19.23076923,6.93E-05,6.88E-08,3.944274291,807.6923077,1.577709716,0.001378089,3.944998458,826.9230769,1.577779019,0.001378158,9.21E-09,0.000184327,0.000184337,24.52857143,7.476308571,10,80,5,0,5,0,0,85,19.96,11642,7.68,5.4,45.8,8.16,Fines,Channel,Marsh,yes
2018,September,SM28,Nurse Slough 1,2018-09-24T00:00:00Z,38.17532347,-121.920996,1.279214749,519.2307692,0.122420851,0.000114139,0.03802462,500,0.015209848,1.45E-05,1.317239368,1019.230769,0.137630699,0.000128607,6.24E-05,7.91E-06,7.03E-05,6,1.8288,0,95,5,0,0,0,0,100,20.25,9178,7.66,4.3,21.4,7.73,Fines,Slough,Marsh,no
2018,September,SM29,Nurse Slough 2,2018-09-24T00:00:00Z,38.17406015,-121.9056881,0.153076941,250,0.014649463,1.41E-05,0,0,0,0,0.153076941,250,0.014649463,1.41E-05,1.19E-05,0,1.19E-05,3.9,1.18872,50,0,50,0,0,0,0,50,20.44,9062,7.62,4.2,13.7,8.01,Organic,Slough,Marsh,no
2018,September,SM30,Nurse Slough 3,2018-09-24T00:00:00Z,38.19976465,-121.9166404,0.035662182,19.23076923,0.003412871,3.35E-06,0,0,0,0,0.035662182,19.23076923,0.003412871,3.35E-06,1.63E-06,0,1.63E-06,6.757142857,2.059577143,50,25,25,0,0,0,0,50,20.13,8796,7.57,10.6,34.1,7.42,Organic,Slough,Marsh,yes
2018,September,SM31,Montezuma Slough 1,2018-09-24T00:00:00Z,38.14486063,-121.9095222,1.428263701,538.4615385,0.152851957,0.000141238,2.096237026,192.3076923,0.83849481,0.000768072,3.524500727,730.7692308,0.991346768,0.00090931,2.95E-05,0.000160213,0.000189674,15.72857143,4.794068571,0,0,0,0,100,0,0,0,20.83,8955,7.65,5,14,8.22,Sand,Channel,Marsh,yes
2018,September,SM32,Montezuma Slough at Collinsville,2018-09-25T00:00:00Z,38.07203113,-121.8689521,2.15757316,96.15384615,0.206479751,0.0001968,0.018830497,134.6153846,0.007532199,7.32E-06,2.176403657,230.7692308,0.21401195,0.000204118,4.52E-05,1.68E-06,4.68E-05,14.3,4.35864,0,100,0,0,0,0,0,100,20.14,4170,7.9,5.6,7.8,8.8,Fines,Channel,Marsh,no
2018,September,SM33,Montezuma Slough 2,2018-09-24T00:00:00Z,38.171175,-121.958181,1.341485285,173.0769231,0.128380142,0.00011876,10.97746472,4461.538462,4.390985887,0.003262394,12.31895,4634.615385,4.519366029,0.003381154,1.62E-05,0.000445975,0.000462209,24,7.3152,5,85,5,0,5,0,0,90,20.16,9748,7.63,3.6,36.2,7.94,Fines,Channel,Marsh,no
2018,September,SM34,Montezuma Slough 3,2018-09-24T00:00:00Z,38.155229,-121.923313,1.353684249,153.8461538,0.129547583,0.000121941,2.427326937,1230.769231,0.970930775,0.000848098,3.781011187,1384.615385,1.100478358,0.000970039,2.86E-05,0.000198748,0.000227324,14,4.2672,20,60,0,0,20,0,0,60,20.19,9261,7.63,8.6,5.1,8.07,Fines,Channel,Marsh,no
2018,September,SM35,Montezuma Slough 4,2018-09-24T00:00:00Z,38.122952,-121.914452,15.44974805,365.3846154,1.653423125,0.001422193,0.147059903,38.46153846,0.058823961,5.72E-05,15.59680795,403.8461538,1.712247086,0.001479434,0.000194416,7.83E-06,0.000202241,24,7.3152,25,75,0,0,0,0,0,75,20.64,8008,7.74,4.9,12.2,8.45,Fines,Channel,Marsh,no
2018,September,SM38,Cygnus - Cordelia Slough (CYG),2018-09-25T00:00:00Z,38.1527,-122.0908,0,0,0,0,17.09478048,8384.615385,6.837912192,0.004568547,17.09478048,8384.615385,6.837912192,0.004568547,0,0.000613213,0.000613213,24.44285714,7.450182857,50,50,0,0,0,0,0,50,19.86,15080,7.54,5.2,52.6,7.05,Organic,Slough,Marsh,yes
2018,September,SM40,Wells Slough,2018-09-25T00:00:00Z,38.17939489,-122.0711955,0.183697598,19.23076923,0.01757986,1.71E-05,0.212979769,1634.615385,0.085191908,7.73E-05,0.396677368,1653.846154,0.102771768,9.44E-05,6.14E-06,2.78E-05,3.39E-05,9.128571429,2.782388571,10,50,40,0,0,0,0,90,20.12,12973,7.71,4.9,56.8,8.22,Fines,Slough,Marsh,yes
2018,September,SM41,Wells Slough 2,2018-09-25T00:00:00Z,38.19122452,-122.0662753,0,0,0,0,0.001526948,38.46153846,0.000610779,6.03E-07,0.001526948,38.46153846,0.000610779,6.03E-07,0,9.89E-07,9.89E-07,2,0.6096,20,80,0,0,0,0,0,80,20.18,12311,7.31,22.4,57.3,5.75,Fines,Slough,Marsh,no
2018,September,SM42,Sheldrake Slough,2018-09-25T00:00:00Z,38.19791558,-122.0512302,0,0,0,0,0.009096441,115.3846154,0.003638576,3.55E-06,0.009096441,115.3846154,0.003638576,3.55E-06,0,2.99E-06,2.99E-06,3.9,1.18872,10,70,20,0,0,0,0,90,20.73,9951,7.6,11.7,51.2,6.38,Fines,Slough,Marsh,yes
2018,September,SM43,Peytonia Slough,2018-09-25T00:00:00Z,38.22008214,-122.0449793,0.131591408,19.23076923,0.011277384,1.10E-05,0.005311695,76.92307692,0.002124678,2.08E-06,0.136903102,96.15384615,0.013402062,1.31E-05,4.45E-06,8.44E-07,5.29E-06,8.1,2.46888,60,0,20,0,20,0,0,20,19.36,9567,7.73,9.9,46.7,7.08,Organic,Slough,Marsh,yes
2018,September,SM44,Tree Slough,2018-09-24T00:00:00Z,38.16893679,-122.0038916,0.012544729,38.46153846,0.00134253,1.32E-06,0.018067023,115.3846154,0.007226809,7.03E-06,0.030611752,153.8461538,0.008569339,8.35E-06,7.87E-07,4.18E-06,4.97E-06,5.514285714,1.680754286,50,25,25,0,0,0,0,50,20.68,10173,7.7,3.7,31.9,8.44,Organic,Slough,Marsh,yes
2018,September,SM45,Nurse Slough 4,2018-09-24T00:00:00Z,38.21771645,-121.9047008,0,0,0,0,0,0,0,0,0,0,0,0,0,0,0,4.3,1.31064,,,,,,,,,19.79,8804,7.49,14.3,38.1,7,Organic,Slough,Marsh,yes
2018,September,SM49,Luco Slough 2,2018-09-24T00:00:00Z,38.210133,-121.924333,0.049424637,153.8461538,0.004729938,4.59E-06,0,0,0,0,0.049424637,153.8461538,0.004729938,4.59E-06,3.28E-06,0,3.28E-06,4.6,1.40208,50,50,0,0,0,0,0,50,19.91,8695,7.54,10.9,41.4,7.5,Organic,Slough,Marsh,yes
2018,September,SM50,Goodyear Slough 2,2018-09-25T00:00:00Z,38.123083,-122.099383,0.009193456,19.23076923,0.000879814,8.69E-07,0.17499377,1846.153846,0.069997508,6.32E-05,0.184187225,1865.384615,0.070877322,6.41E-05,4.22E-07,3.07E-05,3.11E-05,6.757142857,2.059577143,,,,,,,,,19.84,14817,7.73,3.7,44.7,8.22,Fines,Slough,Marsh,yes
2018,September,SM51,First Mallard 2,2018-09-25T00:00:00Z,38.2029,-122.02935,6.073411255,19.23076923,0.649972969,0.000594015,3.96E-05,19.23076923,1.59E-05,1.57E-08,6.073450883,38.46153846,0.649988821,0.000594031,0.000593134,1.57E-08,0.00059315,3.285714286,1.001485714,40,20,40,0,0,0,0,60,20.93,10021,7.7,4.4,164,6.86,Fines,Slough,Marsh,yes
2018,September,SM52,Benthic D4,2018-09-04T00:00:00Z,38.0581151,-121.8193499,15.15879534,1490.384615,1.450696715,0.001207613,0.028716436,168.2692308,0.011486574,1.10E-05,15.18751178,1658.653846,1.462183289,0.001218628,0.000253973,2.32E-06,0.00025629,15.6,4.75488,70,5,5,0,20,0,0,10,20.44,1717,7.86,1.8,10.1,8.6,Organic,River,River,yes
2019,July,SM01,Benthic D7,2019-07-25T00:00:00Z,38.1171292,-122.0395539,0,0,0,0,2.656459731,2307.692308,1.062583892,0.000918412,2.656459731,2307.692308,1.062583892,0.000918412,0,0.000510706,0.000510706,5.9,1.79832,0,50,50,0,0,0,0,100,22.72,10463,7.77,3.68,23.2,8.18,Fines,River,River,yes
2019,July,SM03,GRTS 27,2019-07-29T00:00:00Z,38.17014363,-122.0307802,1.479737438,38.46153846,0.197843242,0.000189451,0.001018464,38.46153846,0.000407386,4.02E-07,1.480755902,76.92307692,0.198250627,0.000189853,6.61E-05,1.40E-07,6.63E-05,9.4,2.86512,20,80,0,0,0,0,0,80,23.3,8124,7.62,5.4,61.5,7.77,Fines,Channel,Marsh,yes
2019,July,SM07,GRTS 1434,2019-07-29T00:00:00Z,38.167088,-121.9372859,10.70128974,538.4615385,1.599225317,0.001409902,13.88121469,2384.615385,5.552485875,0.00411921,24.58250443,2923.076923,7.151711192,0.005529113,0.000210257,0.000614294,0.000824552,22,6.7056,0,90,10,0,0,0,0,100,23.55,3599,7.53,6.3,37.8,6.64,Fines,Channel,Marsh,yes
2019,July,SM09,Volanti (VOL),2019-07-29T00:00:00Z,38.18045,-122.0476,0,0,0,0,0.081097451,57.69230769,0.03243898,3.15E-05,0.081097451,57.69230769,0.03243898,3.15E-05,0,3.45E-05,3.45E-05,3,0.9144,10,75,15,0,0,0,0,90,22.9,5173,7.75,7.4,38.1,7.27,Fines,Channel,Marsh,yes
2019,July,SM10,Godfather II at Goodyear Slough (GOD),2019-07-29T00:00:00Z,38.1238,-122.0812,0,0,0,0,6.7825286,807.6923077,2.71301144,0.002319552,6.7825286,807.6923077,2.71301144,0.002319552,0,0.000380504,0.000380504,20,6.096,0,80,20,0,0,0,0,100,23.08,10385,7.57,5.6,16.9,7.71,Fines,Channel,Marsh,yes
2019,July,SM11,Blacklock (BLL),2019-07-29T00:00:00Z,38.1801,-121.9069,0.056129797,442.3076923,0.008388166,8.04E-06,0,0,0,0,0.056129797,442.3076923,0.008388166,8.04E-06,3.77E-06,0,3.77E-06,7,2.1336,50,50,0,0,0,0,0,50,23.68,3103,7.69,9.4,38.4,7.15,Organic,Slough,Marsh,yes
2019,July,SM12,Beldon Landing (BDL),2019-07-29T00:00:00Z,38.1869,-121.9708,0,0,0,0,0,0,0,0,0,0,0,0,0,0,0,20.5,6.2484,50,25,25,0,0,0,0,50,23.5,3801,7.55,6.7,50,6.85,Organic,Channel,Marsh,yes
2019,July,SM13,National Steel (NSL),2019-07-29T00:00:00Z,38.1221,-121.8881,7.69496929,519.2307692,1.028829595,0.000945683,0.121375721,19.23076923,0.048550288,4.73E-05,7.816345011,538.4615385,1.077379884,0.000993028,0.000221617,1.11E-05,0.000232712,14,4.2672,0,60,0,0,0,0,40,60,23.36,4804,7.72,4.9,16.4,8.14,Fines,Channel,Marsh,yes
2019,July,SM14,Montezuma Slough at Roaring River (MSL),2019-07-29T00:00:00Z,38.0934,-121.8872,9.785712147,403.8461538,1.170555523,0.001103668,0,0,0,0,9.785712147,403.8461538,1.170555523,0.001103668,0.000285115,0,0.000285115,12.7,3.87096,0,90,10,0,0,0,0,100,22.5,4766,7.85,4,23.7,8.49,Fines,Channel,Marsh,yes
2019,July,SM15,Collinsville at Sacramento River (CSE),2019-07-29T00:00:00Z,38.074,-121.8501,5.216969512,153.8461538,0.697517096,0.000623494,0.284693442,134.6153846,0.113877377,0.000108397,5.501662954,288.4615385,0.811394473,0.000731891,0.000157353,2.74E-05,0.000184709,13,3.9624,10,50,40,0,0,0,0,90,23.04,2200,8.02,2.3,14.3,8.42,Fines,River,Marsh,yes
2019,July,SM17,"S-4, Hill Slough",2019-07-29T00:00:00Z,38.22562373,-122.0218963,4.778782277,134.6153846,0.571632386,0.000513556,0.213889443,19.23076923,0.085555777,8.31E-05,4.99267172,153.8461538,0.657188164,0.000596658,0.000324018,5.24E-05,0.00037645,5.2,1.58496,75,15,0,0,10,0,0,15,21.95,3101,7.77,11.6,41,5.95,Organic,Slough,Marsh,yes
2019,July,SM18,Hunter Cut at Montezuma Slough (HUN),2019-07-29T00:00:00Z,38.156,-122.0527,0.006129305,57.69230769,0.000819498,8.07E-07,0.148559175,1653.846154,0.05942367,5.36E-05,0.15468848,1711.538462,0.060243168,5.44E-05,2.65E-07,1.76E-05,1.79E-05,10,3.048,50,50,0,0,0,0,0,50,23.11,7810,7.69,4.4,19.5,7.66,Organic,Channel,Marsh,yes
2019,July,SM21,Suisun Slough 4,2019-07-29T00:00:00Z,38.21705719,-122.0317421,31.47942958,115.3846154,3.76553281,0.003055584,0,0,0,0,31.47942958,115.3846154,3.76553281,0.003055584,0.001002488,0,0.001002488,10,3.048,20,60,20,0,0,0,0,80,22.27,3071,7.87,10,56.4,6.71,Fines,Channel,Marsh,yes
2019,July,SM24,Cutoff Slough,2019-07-29T00:00:00Z,38.18890546,-122.0205925,0,0,0,0,0,0,0,0,0,0,0,0,0,0,0,4,1.2192,50,50,0,0,0,0,0,50,22.64,3833,7.66,9.3,64,6.38,Organic,Slough,Marsh,yes
2019,July,SM25,Second Mallard,2019-07-29T00:00:00Z,38.19350394,-122.0097257,7.851199806,76.92307692,0.939151403,0.000886666,0,0,0,0,7.851199806,76.92307692,0.939151403,0.000886666,0.000581802,0,0.000581802,5,1.524,25,75,0,0,0,0,0,75,22.29,3969,7.48,11.4,50,5.75,Fines,Slough,Marsh,yes
2019,July,SM27,Montezuma Slough  at Tree Slough,2019-07-29T00:00:00Z,38.18052625,-121.9960989,1.034995809,76.92307692,0.138380581,0.000133676,4.969053111,500,1.987621244,0.001717241,6.00404892,576.9230769,2.126001825,0.001850917,1.91E-05,0.000244956,0.000264025,23,7.0104,0,100,0,0,0,0,0,100,23.43,5790,7.64,5.6,49.6,7.11,Fines,Channel,Marsh,yes
2019,July,SM30,Nurse Slough 3,2019-07-29T00:00:00Z,38.19976465,-121.9166404,2.040799283,19.23076923,0.304981732,0.000287071,0,0,0,0,2.040799283,19.23076923,0.304981732,0.000287071,0.000188367,0,0.000188367,5,1.524,50,50,0,0,0,0,0,50,23.64,2955,7.54,11.2,40.8,6.63,Organic,Slough,Marsh,yes
2019,July,SM31,Montezuma Slough 1,2019-07-29T00:00:00Z,38.14486063,-121.9095222,0.183020693,19.23076923,0.027351033,2.66E-05,0.01952005,38.46153846,0.00780802,7.65E-06,0.202540744,57.69230769,0.035159053,3.42E-05,7.92E-06,2.28E-06,1.02E-05,11,3.3528,25,75,0,0,0,0,0,75,23.75,3034,7.81,4.4,28.8,7.88,Fines,Channel,Marsh,yes
2019,July,SM38,Cygnus - Cordelia Slough (CYG),2019-07-29T00:00:00Z,38.1527,-122.0908,0,0,0,0,20.64867843,3307.692308,8.259471373,0.005705051,20.64867843,3307.692308,8.259471373,0.005705051,0,0.000813798,0.000813798,23,7.0104,0,70,0,0,0,0,30,70,22.74,7901,7.48,6,22,6.4,Fines,Slough,Marsh,yes
2019,July,SM40,Wells Slough,2019-07-29T00:00:00Z,38.17939489,-122.0711955,8.796916231,653.8461538,1.176161648,0.001085809,1.149843487,38.46153846,0.459937395,0.000436247,9.946759718,692.3076923,1.636099043,0.001522056,0.000890592,0.000357814,0.001248406,4,1.2192,50,50,0,0,0,0,0,50,22.65,8166,7.72,6.6,65,7.78,Organic,Slough,Marsh,yes
2019,July,SM42,Sheldrake Slough,2019-07-29T00:00:00Z,38.19791558,-122.0512302,0,0,0,0,0,0,0,0,0,0,0,0,0,0,0,5,1.524,50,25,25,0,0,0,0,50,22.47,3409,7.74,14.2,150,5.25,Organic,Slough,Marsh,yes
2019,July,SM43,Peytonia Slough,2019-07-29T00:00:00Z,38.22008214,-122.0449793,3.715819527,403.8461538,0.444482017,0.00041988,0,0,0,0,3.715819527,403.8461538,0.444482017,0.00041988,0.000148125,0,0.000148125,9.3,2.83464,50,50,0,0,0,0,0,50,21.85,2813,7.83,11.9,59.3,5.73,Organic,Slough,Marsh,yes
2019,July,SM44,Tree Slough,2019-07-29T00:00:00Z,38.16893679,-122.0038916,2.732486855,19.23076923,0.408349111,0.000382133,0,0,0,0,2.732486855,19.23076923,0.408349111,0.000382133,0.000227948,0,0.000227948,5.5,1.6764,80,0,20,0,0,0,0,20,23.86,3813,7.7,8.4,65.2,7.12,Organic,Slough,Marsh,yes
2019,July,SM45,Nurse Slough 4,2019-07-29T00:00:00Z,38.21771645,-121.9047008,0,0,0,0,0,0,0,0,0,0,0,0,0,0,0,4.5,1.3716,75,25,0,0,0,0,0,25,24.07,2814,7.57,25.8,60.8,6.39,Organic,Slough,Marsh,yes
2019,July,SM49,Luco Slough 2,2019-07-29T00:00:00Z,38.210133,-121.924333,0.003345245,38.46153846,0.000499921,4.94E-07,0,0,0,0,0.003345245,38.46153846,0.000499921,4.94E-07,2.95E-07,0,2.95E-07,5.5,1.6764,75,25,0,0,0,0,0,25,23.86,2895,7.54,13.5,47.7,6.51,Organic,Slough,Marsh,yes
2019,July,SM50,Goodyear Slough 2,2019-07-29T00:00:00Z,38.123083,-122.099383,0.007995404,19.23076923,0.000956401,9.45E-07,0.200156836,57.69230769,0.080062734,7.72E-05,0.20815224,76.92307692,0.081019135,7.81E-05,6.20E-07,5.06E-05,5.12E-05,5,1.524,75,25,0,0,0,0,0,25,22.22,9550,7.31,5,33.3,5.52,Organic,Slough,Marsh,yes
2019,July,SM51,First Mallard 2,2019-07-29T00:00:00Z,38.2029,-122.02935,4.577797758,96.15384615,0.547590852,0.00052058,0,0,0,0,4.577797758,96.15384615,0.547590852,0.00052058,0.000569313,0,0.000569313,3,0.9144,75,25,0,0,0,0,0,25,21.88,4073,7.61,18.3,87,5.58,Organic,Slough,Marsh,yes
2019,July,SM52,Benthic D4,2019-07-24T00:00:00Z,38.0581151,-121.8193499,17.37451444,1860.576923,2.32300013,0.001918226,0.216089282,38.46153846,0.086435713,8.33E-05,17.59060372,1899.038462,2.409435843,0.002001526,0.000212615,9.23E-06,0.000221848,29.6,9.02208,75,0,0,0,0,25,0,0,23.15,2278,7.76,2.9,14.2,8.22,Organic,River,River,yes
2019,September,SM01,Benthic D7,2019-09-16T00:00:00Z,38.1171292,-122.0395539,0,0,0,0,8.992298405,12423.07692,3.596919362,0.002411577,8.992298405,12423.07692,3.596919362,0.002411577,0,0.001098888,0.001098888,7.2,2.19456,0,60,0,0,40,0,0,60,22.32,9151,7.86,2,41.2,8.17,Fines,River,River,yes
2019,September,SM03,GRTS 27,2019-09-25T00:00:00Z,38.17014363,-122.0307802,3.458644434,38.46153846,0.413719031,0.000380959,0.056440956,365.3846154,0.022576382,2.16E-05,3.51508539,403.8461538,0.436295413,0.000402516,0.000124987,7.07E-06,0.000132059,10,3.048,0,100,0,0,0,0,0,100,21.96,7456,7.86,0.8,36.3,7.76,Fines,Channel,Marsh,yes
2019,September,SM07,GRTS 1434,2019-09-25T00:00:00Z,38.167088,-121.9372859,6.307021121,115.3846154,0.754438542,0.00071165,0.439094865,134.6153846,0.175637946,0.000169112,6.746115986,250,0.930076488,0.000880761,0.000101513,2.41E-05,0.000125636,23,7.0104,5,95,0,0,0,0,0,95,22.08,6795,7.81,4.5,23.2,7.2,Fines,Channel,Marsh,yes
2019,September,SM09,Volanti (VOL),2019-09-25T00:00:00Z,38.18045,-122.0476,0,0,0,0,0.005675897,96.15384615,0.002270359,2.22E-06,0.005675897,96.15384615,0.002270359,2.22E-06,0,1.22E-06,1.22E-06,6,1.8288,0,95,5,0,0,0,0,100,21.94,7504,7.82,1.4,42.5,7.06,Fines,Channel,Marsh,yes
2019,September,SM10,Godfather II at Goodyear Slough (GOD),2019-09-25T00:00:00Z,38.1238,-122.0812,0,0,0,0,7.973199539,2115.384615,3.189279816,0.002612574,7.973199539,2115.384615,3.189279816,0.002612574,0,0.000428572,0.000428572,20,6.096,0,100,0,0,0,0,0,100,21.47,7878,7.53,4.1,15.8,7.28,Fines,Channel,Marsh,yes
2019,September,SM11,Blacklock (BLL),2019-09-25T00:00:00Z,38.1801,-121.9069,0.000563585,19.23076923,7.54E-05,7.48E-08,0,0,0,0,0.000563585,19.23076923,7.54E-05,7.48E-08,6.14E-08,0,6.14E-08,4,1.2192,40,60,0,0,0,0,0,60,22.98,6544,7.32,9.7,41,7.6,Fines,Slough,Marsh,yes
2019,September,SM12,Beldon Landing (BDL),2019-09-25T00:00:00Z,38.1869,-121.9708,0.002783859,19.23076923,0.000333002,3.30E-07,0.120438138,2288.461538,0.048175255,4.33E-05,0.123221998,2307.692308,0.048508257,4.36E-05,1.55E-07,2.03E-05,2.04E-05,7,2.1336,0,0,100,0,0,0,0,100,22.01,7096,7.78,4.2,33.3,7.04,Fines,Channel,Marsh,yes
2019,September,SM13,National Steel (NSL),2019-09-25T00:00:00Z,38.1221,-121.8881,21.39089821,923.0769231,2.558754403,0.002133125,0,0,0,0,21.39089821,923.0769231,2.558754403,0.002133125,0.000437403,0,0.000437403,16,4.8768,0,100,0,0,0,0,0,100,21.98,2351,8.13,4.4,25.6,7.94,Fines,Channel,Marsh,yes
2019,September,SM14,Montezuma Slough at Roaring River (MSL),2019-09-25T00:00:00Z,38.0934,-121.8872,12.46197886,1230.769231,1.490687439,0.001309911,1.038372947,38.46153846,0.415349179,0.000393955,13.5003518,1269.230769,1.906036618,0.001703866,0.000238756,7.18E-05,0.000310562,18,5.4864,0,100,0,0,0,0,0,100,21.55,2730,7.97,3,20.8,8.17,Fines,Channel,Marsh,yes
2019,September,SM15,Collinsville at Sacramento River (CSE),2019-09-25T00:00:00Z,38.074,-121.8501,0.251376711,153.8461538,0.026902191,2.62E-05,1.242404619,96.15384615,0.496961848,0.000470672,1.49378133,250,0.523864038,0.000496827,6.13E-06,0.0001103,0.000116429,14,4.2672,5,0,95,0,0,0,0,95,20.93,708,8.21,2.9,19.5,8.6,Fines,River,Marsh,yes
2019,September,SM17,"S-4, Hill Slough",2019-09-25T00:00:00Z,38.22562373,-122.0218963,0.456637743,38.46153846,0.048869108,4.68E-05,0,0,0,0,0.456637743,38.46153846,0.048869108,4.68E-05,5.69E-05,0,5.69E-05,2.7,0.82296,50,50,0,0,0,0,0,50,21.48,7403,7.7,1.8,23,5.11,Organic,Slough,Marsh,yes
2019,September,SM18,Hunter Cut at Montezuma Slough (HUN),2019-09-25T00:00:00Z,38.156,-122.0527,0.017492282,19.23076923,0.002092406,2.06E-06,1.630375804,1000,0.652150322,0.000596475,1.647868086,1019.230769,0.654242728,0.000598536,4.83E-07,0.000139781,0.000140264,14,4.2672,0,70,30,0,0,0,0,100,21.66,7579,7.69,3.6,18.7,7.75,Fines,Channel,Marsh,yes
2019,September,SM21,Suisun Slough 4,2019-09-25T00:00:00Z,38.21705719,-122.0317421,20.20063924,211.5384615,2.416377007,0.002075308,0.169410593,38.46153846,0.067764237,6.60E-05,20.37004983,250,2.484141244,0.002141342,0.000562707,1.79E-05,0.000580612,12.1,3.68808,0,100,0,0,0,0,0,100,21.8,7254,7.81,1.9,31.4,6.49,Fines,Channel,Marsh,yes
2019,September,SM24,Cutoff Slough,2019-09-25T00:00:00Z,38.18890546,-122.0205925,1.900009244,230.7692308,0.227276899,0.000214254,0,0,0,0,1.900009244,230.7692308,0.227276899,0.000214254,0.000175733,0,0.000175733,4,1.2192,50,50,0,0,0,0,0,50,21.87,6920,7.92,1.9,65.3,7.11,Organic,Slough,Marsh,yes
2019,September,SM25,Second Mallard,2019-09-25T00:00:00Z,38.19350394,-122.0097257,0.002783859,19.23076923,0.000333002,3.30E-07,0,0,0,0,0.002783859,19.23076923,0.000333002,3.30E-07,4.33E-07,0,4.33E-07,2.5,0.762,40,60,0,0,0,0,0,60,21.65,7254,7.85,2,32.2,6.91,Fines,Slough,Marsh,yes
2019,September,SM27,Montezuma Slough  at Tree Slough,2019-09-25T00:00:00Z,38.18052625,-121.9960989,1.428238591,134.6153846,0.170844242,0.000161262,7.361524728,923.0769231,2.944609891,0.002506512,8.789763319,1057.692308,3.115454133,0.002667774,2.12E-05,0.000328939,0.000350102,25,7.62,0,100,0,0,0,0,0,100,22.01,7314,7.86,4,26.8,7.42,Fines,Channel,Marsh,yes
2019,September,SM30,Nurse Slough 3,2019-09-25T00:00:00Z,38.19976465,-121.9166404,0.000563585,19.23076923,6.74E-05,6.70E-08,0,0,0,0,0.000563585,19.23076923,6.74E-05,6.70E-08,3.66E-08,0,3.66E-08,6,1.8288,10,0,90,0,0,0,0,90,22.31,6615,7.83,14,30,7.32,Fines,Slough,Marsh,yes
2019,September,SM31,Montezuma Slough 1,2019-09-25T00:00:00Z,38.14486063,-121.9095222,28.63055883,557.6923077,3.424754198,0.002795852,11.00236029,826.9230769,4.400944115,0.003560107,39.63291911,1384.615385,7.825698313,0.006355959,0.000509597,0.000648897,0.001158494,18,5.4864,30,0,40,0,0,0,30,40,22.31,6505,7.86,6.4,28,7.31,Fines,Channel,Marsh,yes
2019,September,SM38,Cygnus - Cordelia Slough (CYG),2019-09-25T00:00:00Z,38.1527,-122.0908,0,0,0,0,12.3861604,2807.692308,4.954464161,0.00382078,12.3861604,2807.692308,4.954464161,0.00382078,0,0.000569789,0.000569789,22,6.7056,0,100,0,0,0,0,0,100,21.42,8633,7.52,5.7,19.4,6.24,Fines,Slough,Marsh,yes
2019,September,SM40,Wells Slough,2019-09-25T00:00:00Z,38.17939489,-122.0711955,23.99950176,115.3846154,2.87079253,0.002384057,0.530934662,76.92307692,0.212373865,0.000204502,24.53043642,192.3076923,3.083166395,0.002588559,0.001396734,0.00011981,0.001516544,5.6,1.70688,10,80,5,0,0,5,0,85,22.07,7754,7.71,2.9,31.1,7.46,Fines,Slough,Marsh,yes
2019,September,SM42,Sheldrake Slough,2019-09-25T00:00:00Z,38.19791558,-122.0512302,0.044289992,346.1538462,0.005297917,5.11E-06,0.024959325,153.8461538,0.00998373,9.67E-06,0.069249317,500,0.015281647,1.48E-05,4.53E-06,8.58E-06,1.31E-05,3.7,1.12776,0,90,10,0,0,0,0,100,21.89,7374,7.79,2.3,45.3,6.85,Fines,Slough,Marsh,yes
2019,September,SM43,Peytonia Slough,2019-09-25T00:00:00Z,38.22008214,-122.0449793,0,0,0,0,0,0,0,0,0,0,0,0,0,0,0,2.8,0.85344,40,60,0,0,0,0,0,60,21.5,7006,7.83,2.2,42.4,6.33,Fines,Slough,Marsh,yes
2019,September,SM44,Tree Slough,2019-09-25T00:00:00Z,38.16893679,-122.0038916,0.005601783,115.3846154,0.000670079,6.58E-07,0.017419175,57.69230769,0.00696767,6.82E-06,0.023020958,173.0769231,0.007637749,7.47E-06,3.60E-07,3.73E-06,4.09E-06,6,1.8288,20,80,0,0,0,0,0,80,22.38,6986,7.89,6.2,37.8,7.26,Fines,Slough,Marsh,yes
2019,September,SM45,Nurse Slough 4,2019-09-25T00:00:00Z,38.21771645,-121.9047008,0.002783859,19.23076923,0.000333002,3.30E-07,0,0,0,0,0.002783859,19.23076923,0.000333002,3.30E-07,2.16E-07,0,2.16E-07,5,1.524,5,0,95,0,0,0,0,95,22.03,7006,7.79,26,38,7.6,Fines,Slough,Marsh,yes
2019,September,SM49,Luco Slough 2,2019-09-25T00:00:00Z,38.210133,-121.924333,0.009639919,307.6923077,0.001153116,1.13E-06,0,0,0,0,0.009639919,307.6923077,0.001153116,1.13E-06,1.23E-06,0,1.23E-06,3,0.9144,80,20,0,0,0,0,0,20,21.92,6806,7.8,20.4,36,7.59,Organic,Slough,Marsh,yes
2019,September,SM50,Goodyear Slough 2,2019-09-25T00:00:00Z,38.123083,-122.099383,0.060605843,153.8461538,0.006486002,6.30E-06,0.02786763,250,0.011147052,1.07E-05,0.088473473,403.8461538,0.017633054,1.70E-05,2.30E-06,3.92E-06,6.21E-06,9,2.7432,10,0,90,0,0,0,0,90,20.94,7898,7.53,6.7,52,6.28,Fines,Slough,Marsh,yes
2019,September,SM51,First Mallard 2,2019-09-25T00:00:00Z,38.2029,-122.02935,0.058017958,38.46153846,0.006940041,6.79E-06,0,0,0,0,0.058017958,38.46153846,0.006940041,6.79E-06,7.69E-06,0,7.69E-06,2.9,0.88392,35,60,5,0,0,0,0,65,21.73,7496,7.92,2.4,54.6,6.65,Fines,Slough,Marsh,yes
2019,September,SM52,Benthic D4,2019-09-17T00:00:00Z,38.0581151,-121.8193499,13.07360734,2192.307692,1.563849728,0.00131104,0.717904015,48.07692308,0.287161606,0.000273242,13.79151136,2240.384615,1.851011334,0.001584282,0.000275725,5.75E-05,0.000333191,15.6,4.75488,50,0,0,0,0,50,0,0,21.52,254,7.63,1.4,8.2,8.35,Organic,River,River,yes
2020,July,SM01,Benthic D7,2020-07-16T00:00:00Z,38.1171292,-122.0395539,0.000759436,19.23076923,9.08E-05,9.02E-08,4.258845159,7528.846154,1.703538064,0.001291484,4.259604595,7548.076923,1.703628907,0.001291575,5.29E-08,0.000756635,0.000756687,5.6,1.70688,0,60,40,0,0,0,0,100,21.69,18572,8.11,2.75,14.2,8.35,Fines,River,River,yes
2020,July,SM03,GRTS 27,2020-07-29T00:00:00Z,38.17014363,-122.0307802,1.947817684,19.23076923,0.232995689,0.000218675,0.141961658,2000,0.056784663,5.11E-05,2.089779342,2019.230769,0.289780353,0.00026982,0.000105505,2.47E-05,0.000130182,6.8,2.07264,0,80,20,0,0,0,0,100,21.752,15266,8.02,3.06,15.72,8.25,Fines,Channel,Marsh,yes
2020,July,SM07,GRTS 1434,2020-07-29T00:00:00Z,38.167088,-121.9372859,6.698400622,346.1538462,0.801254904,0.00069567,0.536732804,1076.923077,0.214693122,0.000197345,7.235133426,1423.076923,1.015948025,0.000893015,9.84E-05,2.79E-05,0.000126286,23.2,7.07136,0,90,5,0,5,0,0,95,21.736,10636,7.91,5.1,13.92,8.01,Fines,Channel,Marsh,yes
2020,July,SM09,Volanti (VOL),2020-07-29T00:00:00Z,38.18045,-122.0476,0,0,0,0,0.161008756,923.0769231,0.064403503,5.96E-05,0.161008756,923.0769231,0.064403503,5.96E-05,0,4.44E-05,4.44E-05,4.4,1.34112,0,80,20,0,0,0,0,100,21.362,14394,7.96,7.22,20.22,7.83,Fines,Channel,Marsh,yes
2020,July,SM10,Godfather II at Goodyear Slough (GOD),2020-07-29T00:00:00Z,38.1238,-122.0812,0,0,0,0,23.65001558,4211.538462,9.460006231,0.00625132,23.65001558,4211.538462,9.460006231,0.00625132,0,0.000932254,0.000932254,22,6.7056,10,90,0,0,0,0,0,90,19.73,15620,7.57,3.63,36.45,8.22,Fines,Channel,Marsh,yes
2020,July,SM11,Blacklock (BLL),2020-07-30T00:00:00Z,38.1801,-121.9069,7.881523202,403.8461538,0.843476067,0.000798301,0,0,0,0,7.881523202,403.8461538,0.843476067,0.000798301,0.000436516,0,0.000436516,6,1.8288,0,100,0,0,0,0,0,100,20.71,10438,7.86,8.22,82.81,8.06,Fines,Slough,Marsh,yes
2020,July,SM12,Beldon Landing (BDL),2020-07-29T00:00:00Z,38.1869,-121.9708,0.312252012,173.0769231,0.037351223,3.60E-05,0.335554994,3057.692308,0.134221998,0.000116796,0.647807007,3230.769231,0.171573221,0.000152814,7.03E-06,2.28E-05,2.98E-05,16.8,5.12064,0,50,50,0,0,0,0,100,21.944,11167,7.93,4.85,17.39,7.97,Fines,Channel,Marsh,yes
2020,July,SM13,National Steel (NSL),2020-07-29T00:00:00Z,38.1221,-121.8881,8.338244746,365.3846154,0.997411153,0.000885474,0,0,0,0,8.338244746,365.3846154,0.997411153,0.000885474,0.000201743,0,0.000201743,14.4,4.38912,0,10,0,0,0,0,90,10,21.661,9588,7.98,4.32,8.56,8.58,Gravel,Channel,Marsh,yes
2020,July,SM14,Montezuma Slough at Roaring River (MSL),2020-07-29T00:00:00Z,38.0934,-121.8872,13.12884258,423.0769231,1.405041161,0.001234415,0.023265322,134.6153846,0.009306129,9.04E-06,13.1521079,557.6923077,1.414347289,0.00124345,0.00028928,2.12E-06,0.000291397,14,4.2672,10,80,10,0,0,0,0,90,21.366,9119,8.03,3.97,8.15,8.73,Fines,Channel,Marsh,yes
2020,July,SM15,Collinsville at Sacramento River (CSE),2020-07-29T00:00:00Z,38.074,-121.8501,3.628634454,173.0769231,0.388334366,0.000356755,0.519443157,1653.846154,0.207777263,0.00018721,4.148077611,1826.923077,0.596111629,0.000543965,9.00E-05,4.72E-05,0.000137282,13,3.9624,20,60,20,0,0,0,0,80,21.44,5307,8.2,1.96,12.37,8.87,Fines,River,Marsh,yes
2020,July,SM17,"S-4, Hill Slough",2020-07-29T00:00:00Z,38.22562373,-122.0218963,0.007250923,134.6153846,0.000693913,6.82E-07,0.234533774,230.7692308,0.09381351,8.97E-05,0.241784697,365.3846154,0.094507423,9.04E-05,5.08E-07,6.69E-05,6.74E-05,4.4,1.34112,100,0,0,0,0,0,0,0,20.488,9744,8.1,9.07,23.51,7.81,Organic,Slough,Marsh,yes
2020,July,SM18,Hunter Cut at Montezuma Slough (HUN),2020-07-29T00:00:00Z,38.156,-122.0527,0,0,0,0,0.279791765,519.2307692,0.111916706,0.000104981,0.279791765,519.2307692,0.111916706,0.000104981,0,2.69E-05,2.69E-05,12.8,3.90144,100,0,0,0,0,0,0,0,20.35,16591,8,2.81,22.78,8.25,Organic,Channel,Marsh,yes
2020,July,SM21,Suisun Slough 4,2020-07-29T00:00:00Z,38.21705719,-122.0317421,1.69341076,38.46153846,0.181227843,0.000172839,0.14838526,269.2307692,0.059354104,5.68E-05,1.84179602,307.6923077,0.240581947,0.000229626,0.000115726,3.80E-05,0.000153748,4.9,1.49352,80,10,0,0,10,0,0,10,21.056,10317,8.09,6.66,20.68,7.92,Organic,Channel,Marsh,yes
2020,July,SM24,Cutoff Slough,2020-07-29T00:00:00Z,38.18890546,-122.0205925,1.887329248,57.69230769,0.225760133,0.000212426,0,0,0,0,1.887329248,57.69230769,0.225760133,0.000212426,0.000136654,0,0.000136654,5.1,1.55448,90,10,0,0,0,0,0,10,21.645,10849,7.89,20.49,9.01,7.57,Organic,Slough,Marsh,yes
2020,July,SM25,Second Mallard,2020-07-29T00:00:00Z,38.19350394,-122.0097257,0.000759436,19.23076923,0.000101538,1.01E-07,0,0,0,0,0.000759436,19.23076923,0.000101538,1.01E-07,1.27E-07,0,1.27E-07,2.6,0.79248,80,10,10,0,0,0,0,20,22.793,11131,7.75,12.32,23.68,7.27,Organic,Slough,Marsh,yes
2020,July,SM27,Montezuma Slough  at Tree Slough,2020-07-29T00:00:00Z,38.18052625,-121.9960989,0.586256842,57.69230769,0.070127363,6.70E-05,17.10864002,5923.076923,6.843456007,0.004782714,17.69489686,5980.769231,6.91358337,0.004849696,1.06E-05,0.00075439,0.000764956,20.8,6.33984,0,90,10,0,0,0,0,100,22.337,12560,7.95,3.97,14.35,7.94,Fines,Channel,Marsh,yes
2020,July,SM30,Nurse Slough 3,2020-07-30T00:00:00Z,38.19976465,-121.9166404,0.019225024,57.69230769,0.002057451,2.02E-06,0,0,0,0,0.019225024,57.69230769,0.002057451,2.02E-06,1.47E-06,0,1.47E-06,4.5,1.3716,50,50,0,0,0,0,0,50,20.88,9995,7.77,10.74,36.04,7.94,Organic,Slough,Marsh,yes
2020,July,SM31,Montezuma Slough 1,2020-07-29T00:00:00Z,38.14486063,-121.9095222,8.303239396,1519.230769,0.993223854,0.000879636,0.295061806,38.46153846,0.118024722,0.000114366,8.598301201,1557.692308,1.111248576,0.000994003,0.000180372,2.35E-05,0.000203823,16,4.8768,0,0,0,0,5,20,75,0,21.903,10292,7.97,6.52,10.39,8.37,Gravel,Channel,Marsh,yes
2020,July,SM38,Cygnus - Cordelia Slough (CYG),2020-07-29T00:00:00Z,38.1527,-122.0908,3.035562249,76.92307692,0.324864121,0.000300486,111.6043199,9730.769231,44.64172795,0.016418506,114.6398821,9807.692308,44.96659207,0.016718992,4.04E-05,0.002207643,0.002248047,24.4,7.43712,0,100,0,0,0,0,0,100,21.384,17216,7.77,3.62,16.93,7.44,Fines,Slough,Marsh,yes
2020,July,SM40,Wells Slough,2020-07-29T00:00:00Z,38.17939489,-122.0711955,19.80406682,134.6153846,2.119419809,0.001750649,0.83539675,750,0.3341587,0.000308651,20.63946357,884.6153846,2.453578509,0.0020593,0.00071795,0.000126579,0.000844529,8,2.4384,50,0,0,0,50,0,0,0,20.635,15913,7.96,3.06,67.2,7.95,Organic,Slough,Marsh,yes
2020,July,SM42,Sheldrake Slough,2020-07-29T00:00:00Z,38.19791558,-122.0512302,0.175309033,19.23076923,0.018761472,1.82E-05,0.035177161,38.46153846,0.014070864,1.38E-05,0.210486194,57.69230769,0.032832336,3.20E-05,1.20E-05,9.04E-06,2.10E-05,5,1.524,10,60,30,0,0,0,0,90,21.275,10535,8.06,6.82,33.22,7.71,Fines,Slough,Marsh,yes
2020,July,SM43,Peytonia Slough,2020-07-29T00:00:00Z,38.22008214,-122.0449793,11.20127428,346.1538462,1.071961949,0.000895444,0.042064001,19.23076923,0.0168256,1.65E-05,11.24333828,365.3846154,1.088787549,0.000911949,0.000225985,4.17E-06,0.000230151,13,3.9624,40,10,40,0,10,0,0,50,20.221,9596,8.16,17.72,37.4,7.97,Fines,Slough,Marsh,yes
2020,July,SM44,Tree Slough,2020-07-29T00:00:00Z,38.16893679,-122.0038916,0.008353798,211.5384615,0.001116916,1.09E-06,0.005937136,76.92307692,0.002374855,2.33E-06,0.014290935,288.4615385,0.003491771,3.42E-06,8.53E-07,1.82E-06,2.67E-06,4.2,1.28016,80,10,0,0,10,0,0,10,22.503,11097,7.88,8.4,23.27,7.76,Organic,Slough,Marsh,yes
2020,July,SM45,Nurse Slough 4,2020-07-30T00:00:00Z,38.21771645,-121.9047008,0,0,0,0,0,0,0,0,0,0,0,0,0,0,0,3,0.9144,0,80,20,0,0,0,0,100,20.8,9832,7.69,3.28,78.06,6.8,Fines,Slough,Marsh,yes
2020,July,SM49,Luco Slough 2,2020-07-30T00:00:00Z,38.210133,-121.924333,0.053666314,1076.923077,0.005743338,5.45E-06,0.00086409,19.23076923,0.000345636,3.42E-07,0.054530404,1096.153846,0.006088974,5.79E-06,3.57E-06,2.25E-07,3.80E-06,5,1.524,80,0,20,0,0,0,0,20,20.77,9990,7.74,10.92,53.54,7.39,Organic,Slough,Marsh,yes
2020,July,SM50,Goodyear Slough 2,2020-07-29T00:00:00Z,38.123083,-122.099383,0,0,0,0,0.201674516,3384.615385,0.080669806,7.05E-05,0.201674516,3384.615385,0.080669806,7.05E-05,0,3.85E-05,3.85E-05,6,1.8288,100,0,0,0,0,0,0,0,21.571,17183,7.6,3.82,24.66,7.14,Organic,Slough,Marsh,yes
2020,July,SM51,First Mallard 2,2020-07-29T00:00:00Z,38.2029,-122.02935,0,0,0,0,0.00086409,19.23076923,0.000345636,3.42E-07,0.00086409,19.23076923,0.000345636,3.42E-07,0,3.87E-07,3.87E-07,2.9,0.88392,80,10,10,0,0,0,0,20,21.763,11010,7.91,14.72,25.57,7.91,Organic,Slough,Marsh,yes
2020,July,SM52,Benthic D4,2020-07-14T00:00:00Z,38.0581151,-121.8193499,18.94121138,1072.115385,2.532469994,0.001869065,0,0,0,0,18.94121138,1072.115385,2.532469994,0.001869065,0.000168464,0,0.000168464,36.4,11.09472,70,15,0,0,15,0,0,15,23.01,4381,7.87,1.62,8.9,8.33,Organic,River,River,yes
2020,September,SM01,Benthic D7,2020-09-16T00:00:00Z,38.1171292,-122.0395539,0,0,0,0,6.799508026,7192.307692,2.71980321,0.001934609,6.799508026,7192.307692,2.71980321,0.001934609,0,0.001220604,0.001220604,5.2,1.58496,0,50,50,0,0,0,0,100,20.05,18268,7.84,2.46,58.8,8.26,Fines,River,River,yes
2020,September,SM03,GRTS 27,2020-09-28T00:00:00Z,38.17014363,-122.0307802,0,0,0,0,0.090974672,673.0769231,0.036389869,3.40E-05,0.090974672,673.0769231,0.036389869,3.40E-05,0,1.08E-05,1.08E-05,10.3,3.13944,20,70,10,0,0,0,0,80,20.86,12850,7.57,3.03,19.85,7.61,Fines,Channel,Marsh,yes
2020,September,SM07,GRTS 1434,2020-09-28T00:00:00Z,38.167088,-121.9372859,1.554782735,38.46153846,0.166391952,0.00015869,0.082432124,403.8461538,0.032972849,3.13E-05,1.637214859,442.3076923,0.199364801,0.000189944,3.30E-05,6.49E-06,3.94E-05,15.8,4.81584,0,0,10,0,90,0,0,10,21.43,9623,7.58,2.91,16.52,7.58,Sand,Channel,Marsh,yes
2020,September,SM09,Volanti (VOL),2020-09-28T00:00:00Z,38.18045,-122.0476,0,0,0,0,0.175533332,346.1538462,0.070213333,6.66E-05,0.175533332,346.1538462,0.070213333,6.66E-05,0,2.21E-05,2.21E-05,9.9,3.01752,20,70,10,0,0,0,0,80,21.15,13558,7.62,2.79,57.71,7.18,Fines,Channel,Marsh,yes
2020,September,SM10,Godfather II at Goodyear Slough (GOD),2020-09-28T00:00:00Z,38.1238,-122.0812,0,0,0,0,44.17209734,6269.230769,17.66883894,0.009427628,44.17209734,6269.230769,17.66883894,0.009427628,0,0.001472883,0.001472883,21,6.4008,10,80,10,0,0,0,0,90,20.95,16913,7.62,2.31,41.28,7.58,Fines,Channel,Marsh,yes
2020,September,SM11,Blacklock (BLL),2020-09-28T00:00:00Z,38.1801,-121.9069,0.003912685,38.46153846,0.000468031,4.62E-07,0.009836281,115.3846154,0.003934512,3.84E-06,0.013748966,153.8461538,0.004402543,4.30E-06,2.97E-07,2.47E-06,2.76E-06,5.1,1.55448,40,40,20,0,0,0,0,60,21.54,9251,7.66,5.63,21.95,8.06,Fines,Slough,Marsh,yes
2020,September,SM12,Beldon Landing (BDL),2020-09-28T00:00:00Z,38.1869,-121.9708,20.51912849,96.15384615,2.195945296,0.001902201,0.227184157,615.3846154,0.090873663,8.53E-05,20.74631265,711.5384615,2.286818959,0.001987524,0.000325042,1.46E-05,0.000339622,19.2,5.85216,15,65,10,0,10,0,0,75,21.26,13079,7.61,2.64,27.11,7.78,Fines,Channel,Marsh,yes
2020,September,SM13,National Steel (NSL),2020-09-28T00:00:00Z,38.1221,-121.8881,33.48623686,480.7692308,3.583677755,0.002992273,0.056285374,788.4615385,0.02251415,2.11E-05,33.54252224,1269.230769,3.606191905,0.003013338,0.000711389,5.01E-06,0.000716397,13.8,4.20624,0,10,0,0,90,0,0,10,21.15,9408,7.77,3.79,9.21,8.37,Sand,Channel,Marsh,yes
2020,September,SM14,Montezuma Slough at Roaring River (MSL),2020-09-28T00:00:00Z,38.0934,-121.8872,12.37780055,230.7692308,1.324665076,0.001159817,0.012469226,134.6153846,0.00498769,4.85E-06,12.39026978,365.3846154,1.329652766,0.001164666,0.000205685,8.60E-07,0.000206545,18.5,5.6388,40,40,10,0,10,0,0,50,21.47,10617,7.63,8.74,9.13,8.26,Fines,Channel,Marsh,yes
2020,September,SM15,Collinsville at Sacramento River (CSE),2020-09-28T00:00:00Z,38.074,-121.8501,0,0,0,0,0.01056901,76.92307692,0.004227604,4.14E-06,0.01056901,76.92307692,0.004227604,4.14E-06,0,1.03E-06,1.03E-06,13.2,4.02336,0,80,10,0,10,0,0,90,21.39,7290,7.86,1.37,11.15,8.42,Fines,River,Marsh,yes
2020,September,SM17,"S-4, Hill Slough",2020-09-28T00:00:00Z,38.22562373,-122.0218963,0.31730701,19.23076923,0.033958013,3.28E-05,0.000645815,19.23076923,0.000258326,2.56E-07,0.317952825,38.46153846,0.034216339,3.31E-05,2.15E-05,1.68E-07,2.17E-05,5,1.524,50,30,10,0,10,0,0,40,21.48,12259,7.69,6.62,18.7,6.72,Organic,Slough,Marsh,yes
2020,September,SM18,Hunter Cut at Montezuma Slough (HUN),2020-09-28T00:00:00Z,38.156,-122.0527,0,0,0,0,0.020405291,192.3076923,0.008162116,7.89E-06,0.020405291,192.3076923,0.008162116,7.89E-06,0,2.98E-06,2.98E-06,8.7,2.65176,0,100,0,0,0,0,0,100,21.13,15168,7.69,1.8,8.49,7.88,Fines,Channel,Marsh,yes
2020,September,SM21,Suisun Slough 4,2020-09-28T00:00:00Z,38.21705719,-122.0317421,3.097549635,38.46153846,0.331497975,0.000306532,0.172759625,865.3846154,0.06910385,6.41E-05,3.270309259,903.8461538,0.400601825,0.000370645,6.57E-05,1.37E-05,7.95E-05,15.3,4.66344,20,70,10,0,0,0,0,80,21.35,12539,7.64,4.44,28.03,6.58,Fines,Channel,Marsh,yes
2020,September,SM24,Cutoff Slough,2020-09-28T00:00:00Z,38.18890546,-122.0205925,0,0,0,0,0.00327876,38.46153846,0.001311504,1.29E-06,0.00327876,38.46153846,0.001311504,1.29E-06,0,6.95E-07,6.95E-07,6.1,1.85928,80,20,0,0,0,0,0,20,21.3,9675,7.57,3.75,27.27,7.56,Organic,Slough,Marsh,yes
2020,September,SM25,Second Mallard,2020-09-28T00:00:00Z,38.19350394,-122.0097257,0,0,0,0,0,0,0,0,0,0,0,0,0,0,0,5,1.524,50,30,10,0,10,0,0,40,21.73,9748,7.5,5.34,20.91,7.1,Organic,Slough,Marsh,yes
2020,September,SM27,Montezuma Slough  at Tree Slough,2020-09-28T00:00:00Z,38.18052625,-121.9960989,1.548774817,19.23076923,0.165748988,0.000156922,0.207184637,365.3846154,0.082873855,7.84E-05,1.755959455,384.6153846,0.248622843,0.000235353,1.91E-05,9.53E-06,2.86E-05,27,8.2296,50,10,0,0,40,0,0,10,21.17,14241,7.7,2.66,18.12,7.87,Organic,Channel,Marsh,yes
2020,September,SM30,Nurse Slough 3,2020-09-28T00:00:00Z,38.19976465,-121.9166404,5.134094375,38.46153846,0.549447819,0.000517635,0.021710916,211.5384615,0.008684366,8.39E-06,5.155805291,250,0.558132185,0.00052603,0.000190818,3.09E-06,0.000193912,8.9,2.71272,30,50,10,0,10,0,0,60,21.4,9445,7.65,9.95,19.58,7.9,Fines,Slough,Marsh,yes
2020,September,SM31,Montezuma Slough 1,2020-09-28T00:00:00Z,38.14486063,-121.9095222,2.876600378,173.0769231,0.307852113,0.000284221,0.026776532,442.3076923,0.010710613,1.02E-05,2.90337691,615.3846154,0.318562726,0.000294426,5.58E-05,2.00E-06,5.78E-05,16.7,5.09016,0,0,10,0,90,0,0,10,21.39,9682,7.58,2.5,16.93,7.56,Sand,Channel,Marsh,yes
2020,September,SM38,Cygnus - Cordelia Slough (CYG),2020-09-28T00:00:00Z,38.1527,-122.0908,0,0,0,0,10.89145397,4134.615385,4.356581589,0.003198672,10.89145397,4134.615385,4.356581589,0.003198672,0,0.000426599,0.000426599,24.6,7.49808,0,100,0,0,0,0,0,100,21.08,16715,7.32,2.36,36.14,5.91,Fines,Slough,Marsh,yes
2020,September,SM40,Wells Slough,2020-09-28T00:00:00Z,38.17939489,-122.0711955,11.67714342,38.46153846,1.249681154,0.001112038,0.199761809,153.8461538,0.079904724,7.68E-05,11.87690523,192.3076923,1.329585878,0.001188847,0.000182421,1.26E-05,0.000195021,20,6.096,10,50,0,0,40,0,0,50,21.09,14602,7.66,2.04,51.11,7.57,Fines,Slough,Marsh,yes
2020,September,SM42,Sheldrake Slough,2020-09-28T00:00:00Z,38.19791558,-122.0512302,0,0,0,0,0.036190508,365.3846154,0.014476203,1.38E-05,0.036190508,365.3846154,0.014476203,1.38E-05,0,8.72E-06,8.72E-06,5.2,1.58496,40,30,10,0,20,0,0,40,21.63,12645,7.61,6.27,38.21,6.64,Fines,Slough,Marsh,yes
2020,September,SM43,Peytonia Slough,2020-09-28T00:00:00Z,38.22008214,-122.0449793,8.583285585,57.69230769,0.918578273,0.000829495,0.023684051,230.7692308,0.009473621,9.13E-06,8.606969636,288.4615385,0.928051893,0.000838624,0.000283483,3.12E-06,0.000286603,9.6,2.92608,30,60,10,0,0,0,0,70,21.25,12763,7.68,6.54,22.56,6.33,Fines,Slough,Marsh,yes
2020,September,SM44,Tree Slough,2020-09-28T00:00:00Z,38.16893679,-122.0038916,0.003024877,76.92307692,0.000361832,3.56E-07,0.061019554,826.9230769,0.024407822,2.28E-05,0.064044431,903.8461538,0.024769654,2.32E-05,2.13E-07,1.36E-05,1.38E-05,5.5,1.6764,40,60,0,0,0,0,0,60,21.57,11932,7.66,2.9,26.14,7.8,Fines,Slough,Marsh,yes
2020,September,SM45,Nurse Slough 4,2020-09-28T00:00:00Z,38.21771645,-121.9047008,0,0,0,0,0,0,0,0,0,0,0,0,0,0,0,5,1.524,0,90,10,0,0,0,0,100,20.96,12001,7.7,22.05,29.35,8.01,Fines,Slough,Marsh,yes
2020,September,SM49,Luco Slough 2,2020-09-28T00:00:00Z,38.210133,-121.924333,0.018158073,76.92307692,0.002172048,2.13E-06,0.001937446,57.69230769,0.000774979,7.62E-07,0.02009552,134.6153846,0.002947026,2.89E-06,1.06E-06,3.79E-07,1.44E-06,6.6,2.01168,30,60,10,0,0,0,0,70,21.64,9960,7.7,15.32,19.51,8.2,Fines,Slough,Marsh,yes
2020,September,SM50,Goodyear Slough 2,2020-09-28T00:00:00Z,38.123083,-122.099383,0,0,0,0,0.805230282,2134.615385,0.322092113,0.000283337,0.805230282,2134.615385,0.322092113,0.000283337,0,0.000140846,0.000140846,6.6,2.01168,0,100,0,0,0,0,0,100,20.928,18119,7.28,33.58,61.52,5.58,Fines,Slough,Marsh,yes
2020,September,SM51,First Mallard 2,2020-09-28T00:00:00Z,38.2029,-122.02935,0,0,0,0,0.002632945,19.23076923,0.001053178,1.04E-06,0.002632945,19.23076923,0.001053178,1.04E-06,0,6.57E-07,6.57E-07,5.2,1.58496,80,10,0,0,10,0,0,10,21.83,12630,7.67,8.43,21.25,7.02,Organic,Slough,Marsh,yes
2020,September,SM52,Benthic D4,2020-09-17T00:00:00Z,38.0581151,-121.8193499,12.24304061,3177.884615,1.310243145,0.001106792,0.402677048,908.6538462,0.161070819,0.000148075,12.64571766,4086.538462,1.471313964,0.001254868,0.000156518,2.09E-05,0.000177458,23.2,7.07136,50,50,0,0,0,0,0,50,20.91,4027,7.79,1.88,23.8,8.31,Organic,River,River,yes
2021,July,SM01,Benthic D7,2021-07-13T00:00:00Z,38.1171292,-122.0395539,,,,,,,,,,,,,,,,5.8,1.76784,0,20,80,0,0,0,0,100,20.02,24600,8,2.99,35,8.19,Fines,River,River,yes
2021,July,SM03,GRTS 27,2021-07-06T00:00:00Z,38.17014363,-122.0307802,,,,,,,,,,,,,,,,14.4,4.38912,10,50,30,0,10,0,0,80,21.879,18473,7.78,4.07,29.66,7.7,Fines,Channel,Marsh,yes
2021,July,SM07,GRTS 1434,2021-07-06T00:00:00Z,38.167088,-121.9372859,,,,,,,,,,,,,,,,17.3,5.27304,10,80,10,0,0,0,0,90,20.424,15566,7.8,4.98,12.75,7.86,Fines,Channel,Marsh,yes
2021,July,SM09,Volanti (VOL),2021-07-06T00:00:00Z,38.18045,-122.0476,,,,,,,,,,,,,,,,6.9,2.10312,20,20,20,0,40,0,0,40,21.205,18337,7.78,4.98,45.29,7.42,Sand,Channel,Marsh,yes
2021,July,SM10,Godfather II at Goodyear Slough (GOD),2021-07-06T00:00:00Z,38.1238,-122.0812,,,,,,,,,,,,,,,,21.1,6.43128,10,60,30,0,0,0,0,90,20.284,23477,7.94,5.14,76.7,8.14,Fines,Channel,Marsh,yes
2021,July,SM11,Blacklock (BLL),2021-07-06T00:00:00Z,38.1801,-121.9069,,,,,,,,,,,,,,,,3.5,1.0668,20,40,30,0,10,0,0,70,20.276,15607,7.94,8.01,13.62,8.41,Fines,Slough,Marsh,yes
2021,July,SM12,Beldon Landing (BDL),2021-07-06T00:00:00Z,38.1869,-121.9708,,,,,,,,,,,,,,,,19.9,6.06552,80,10,10,0,0,0,0,20,20.281,16202,7.78,3.68,14.4,7.79,Organic,Channel,Marsh,yes
2021,July,SM13,National Steel (NSL),2021-07-06T00:00:00Z,38.1221,-121.8881,,,,,,,,,,,,,,,,15.2,4.63296,0,10,0,0,50,30,10,10,20.513,14553,7.91,4.03,21.12,8.1,Sand,Channel,Marsh,yes
2021,July,SM14,Montezuma Slough at Roaring River (MSL),2021-07-06T00:00:00Z,38.0934,-121.8872,,,,,,,,,,,,,,,,15.1,4.60248,10,50,10,0,10,10,10,60,20.345,14215,7.93,2.47,22.51,8.21,Fines,Channel,Marsh,yes
2021,July,SM15,Collinsville at Sacramento River (CSE),2021-07-06T00:00:00Z,38.074,-121.8501,,,,,,,,,,,,,,,,12,3.6576,10,50,20,0,0,0,20,70,20.706,9391,7.97,2.21,16,8.45,Fines,River,Marsh,yes
2021,July,SM17,"S-4, Hill Slough",2021-07-06T00:00:00Z,38.22562373,-122.0218963,,,,,,,,,,,,,,,,7.8,2.37744,80,10,0,0,10,0,0,10,20.119,13984,7.76,8.71,40.69,7.13,Organic,Slough,Marsh,yes
2021,July,SM18,Hunter Cut at Montezuma Slough (HUN),2021-07-06T00:00:00Z,38.156,-122.0527,,,,,,,,,,,,,,,,17.1,5.21208,0,80,10,0,10,0,0,90,21.308,20667,7.85,3.64,11.19,7.75,Fines,Channel,Marsh,yes
2021,July,SM21,Suisun Slough 4,2021-07-06T00:00:00Z,38.21705719,-122.0317421,,,,,,,,,,,,,,,,14.2,4.32816,10,40,20,0,30,0,0,60,20.044,14639,7.79,7.57,34.5,7.18,Fines,Channel,Marsh,yes
2021,July,SM24,Cutoff Slough,2021-07-06T00:00:00Z,38.18890546,-122.0205925,,,,,,,,,,,,,,,,5.7,1.73736,30,30,30,0,10,0,0,60,21.154,16222,7.69,13.71,30.88,7.43,Fines,Slough,Marsh,yes
2021,July,SM25,Second Mallard,2021-07-06T00:00:00Z,38.19350394,-122.0097257,,,,,,,,,,,,,,,,3.5,1.0668,40,30,30,0,0,0,0,60,21.69,16791,7.69,34.2,29.12,7.38,Fines,Slough,Marsh,yes
2021,July,SM27,Montezuma Slough  at Tree Slough,2021-07-06T00:00:00Z,38.18052625,-121.9960989,,,,,,,,,,,,,,,,25.9,7.89432,20,60,20,0,0,0,0,80,20.92,16251,7.75,3.44,13.52,7.64,Fines,Channel,Marsh,yes
2021,July,SM30,Nurse Slough 3,2021-07-06T00:00:00Z,38.19976465,-121.9166404,,,,,,,,,,,,,,,,10.8,3.29184,,,,,,,,,21.279,15167,7.83,11.46,15.55,8.06,Organic,Slough,Marsh,yes
2021,July,SM31,Montezuma Slough 1,2021-07-06T00:00:00Z,38.14486063,-121.9095222,,,,,,,,,,,,,,,,15.1,4.60248,0,10,0,0,40,40,10,10,19.48,14641,7.9,4.08,22.11,7.9,Sand,Channel,Marsh,yes
2021,July,SM38,Cygnus - Cordelia Slough (CYG),2021-07-06T00:00:00Z,38.1527,-122.0908,,,,,,,,,,,,,,,,26.3,8.01624,0,40,0,0,0,10,50,40,21.337,22937,7.69,5.08,40.44,7.18,Gravel,Slough,Marsh,yes
2021,July,SM40,Wells Slough,2021-07-06T00:00:00Z,38.17939489,-122.0711955,,,,,,,,,,,,,,,,8.3,2.52984,10,40,10,0,40,0,0,50,21.472,19736,7.8,3.99,48.93,7.59,Fines,Slough,Marsh,yes
2021,July,SM42,Sheldrake Slough,2021-07-06T00:00:00Z,38.19791558,-122.0512302,,,,,,,,,,,,,,,,2.6,0.79248,20,40,30,0,10,0,0,70,20.673,14959,7.34,7.7,48.17,7.14,Fines,Slough,Marsh,yes
2021,July,SM43,Peytonia Slough,2021-07-06T00:00:00Z,38.22008214,-122.0449793,,,,,,,,,,,,,,,,12.1,3.68808,40,20,30,0,10,0,0,50,19.915,14053,7.71,8.67,46.02,6.88,Fines,Slough,Marsh,yes
2021,July,SM44,Tree Slough,2021-07-06T00:00:00Z,38.16893679,-122.0038916,,,,,,,,,,,,,,,,6.1,1.85928,40,40,10,0,10,0,0,50,21.894,16334,7.8,5.38,18.64,7.95,Fines,Slough,Marsh,yes
2021,July,SM45,Nurse Slough 4,2021-07-06T00:00:00Z,38.21771645,-121.9047008,,,,,,,,,,,,,,,,2.6,0.79248,30,50,10,0,10,0,0,60,21.94,15059,7.74,18.75,23.45,7.81,Fines,Slough,Marsh,yes
2021,July,SM49,Luco Slough 2,2021-07-06T00:00:00Z,38.210133,-121.924333,,,,,,,,,,,,,,,,3.3,1.00584,30,30,30,0,10,0,0,60,21.86,15190,7.72,13.62,21.43,7.98,Fines,Slough,Marsh,yes
2021,July,SM50,Goodyear Slough 2,2021-07-06T00:00:00Z,38.123083,-122.099383,,,,,,,,,,,,,,,,4.8,1.46304,80,10,0,0,10,0,0,10,20.78,23368,7.39,7.36,47.9,7.38,Organic,Slough,Marsh,yes
2021,July,SM51,First Mallard 2,2021-07-06T00:00:00Z,38.2029,-122.02935,,,,,,,,,,,,,,,,2.4,0.73152,20,40,30,0,10,0,0,70,21.472,15221,7.77,9.13,42.12,7.77,Fines,Slough,Marsh,yes
2021,July,SM52,Benthic D4,2021-07-12T00:00:00Z,38.0581151,-121.8193499,,,,,,,,,,,,,,,,7.3,2.22504,20,40,30,0,10,0,0,70,21.29,10953,7.9,2.21,7.8,8.27,Fines,River,River,yes
2021,September,SM01,Benthic D7,2021-09-21T00:00:00Z,38.1171292,-122.0395539,,,,,,,,,,,,,,,,4.6,1.40208,50,50,0,0,0,0,0,50,20.59,19570,8.22,2.69,12.9,8.02,Fines,River,River,yes
2021,September,SM03,GRTS 27,2021-09-01T00:00:00Z,38.17014363,-122.0307802,,,,,,,,,,,,,,,,14.6,4.45008,5,65,20,0,10,0,0,85,20.963,20012,7.78,3.46,31.29,7.65,Fines,Channel,Marsh,yes
2021,September,SM07,GRTS 1434,2021-09-01T00:00:00Z,38.167088,-121.9372859,,,,,,,,,,,,,,,,24.5,7.4676,0,50,0,0,40,10,0,50,21.154,17790,7.78,6.13,6.6,7.69,Fines,Channel,Marsh,yes
2021,September,SM09,Volanti (VOL),2021-09-01T00:00:00Z,38.18045,-122.0476,,,,,,,,,,,,,,,,6.4,1.95072,5,80,5,0,10,0,0,85,21.137,20096,7.77,3.32,7.77,7.33,Fines,Channel,Marsh,yes
2021,September,SM10,Godfather II at Goodyear Slough (GOD),2021-09-01T00:00:00Z,38.1238,-122.0812,,,,,,,,,,,,,,,,19.8,6.03504,0,50,50,0,0,0,0,100,19.815,21708,7.94,3.19,24.83,8.17,Fines,Channel,Marsh,yes
2021,September,SM11,Blacklock (BLL),2021-09-01T00:00:00Z,38.1801,-121.9069,,,,,,,,,,,,,,,,4.9,1.49352,30,70,0,0,0,0,0,70,20.56,17016,7.93,11.74,17.11,8.6,Fines,Slough,Marsh,yes
2021,September,SM12,Beldon Landing (BDL),2021-09-01T00:00:00Z,38.1869,-121.9708,,,,,,,,,,,,,,,,20.7,6.30936,0,70,0,0,0,30,0,70,21.307,19232,7.45,4.7,12.11,7.52,Fines,Channel,Marsh,yes
2021,September,SM13,National Steel (NSL),2021-09-01T00:00:00Z,38.1221,-121.8881,,,,,,,,,,,,,,,,19.3,5.88264,0,20,0,0,10,10,60,20,20.452,12956,8.07,5.27,5.18,8.78,Gravel,Channel,Marsh,yes
2021,September,SM14,Montezuma Slough at Roaring River (MSL),2021-09-01T00:00:00Z,38.0934,-121.8872,,,,,,,,,,,,,,,,14.7,4.48056,0,75,10,0,15,0,0,85,20.473,11849,8.03,2.75,5.85,8.76,Fines,Channel,Marsh,yes
2021,September,SM15,Collinsville at Sacramento River (CSE),2021-09-01T00:00:00Z,38.074,-121.8501,,,,,,,,,,,,,,,,14.2,4.32816,0,75,10,0,0,0,15,85,20.673,11599,7.93,1.26,7.26,8.32,Fines,River,Marsh,yes
2021,September,SM17,"S-4, Hill Slough",2021-09-01T00:00:00Z,38.22562373,-122.0218963,,,,,,,,,,,,,,,,9.2,2.80416,50,40,10,0,0,0,0,50,19.91,18681,7.79,8.66,11.43,6.96,Fines,Slough,Marsh,yes
2021,September,SM18,Hunter Cut at Montezuma Slough (HUN),2021-09-01T00:00:00Z,38.156,-122.0527,,,,,,,,,,,,,,,,16,4.8768,0,90,0,0,10,0,0,90,19.962,21378,7.96,2.99,14.71,8.19,Fines,Channel,Marsh,yes
2021,September,SM21,Suisun Slough 4,2021-09-01T00:00:00Z,38.21705719,-122.0317421,,,,,,,,,,,,,,,,10.7,3.26136,25,50,25,0,0,0,0,75,20.182,19152,7.83,6.27,16.23,7.13,Fines,Channel,Marsh,yes
2021,September,SM24,Cutoff Slough,2021-09-01T00:00:00Z,38.18890546,-122.0205925,,,,,,,,,,,,,,,,6.1,1.85928,50,40,0,0,10,0,0,40,20.772,19019,7.7,9.37,17.41,7.54,Organic,Slough,Marsh,yes
2021,September,SM25,Second Mallard,2021-09-01T00:00:00Z,38.19350394,-122.0097257,,,,,,,,,,,,,,,,3.6,1.09728,40,20,40,0,0,0,0,60,20.616,19640,7.72,12.1,11.1,7.52,Fines,Slough,Marsh,yes
2021,September,SM27,Montezuma Slough  at Tree Slough,2021-09-01T00:00:00Z,38.18052625,-121.9960989,,,,,,,,,,,,,,,,24.6,7.49808,0,80,10,0,10,0,0,90,21.137,19452,7.62,4.27,19.86,7.38,Fines,Channel,Marsh,yes
2021,September,SM30,Nurse Slough 3,2021-09-01T00:00:00Z,38.19976465,-121.9166404,,,,,,,,,,,,,,,,4.1,1.24968,75,25,0,0,0,0,0,25,20.996,18567,7.8,17.24,20.85,8.06,Organic,Slough,Marsh,yes
2021,September,SM31,Montezuma Slough 1,2021-09-01T00:00:00Z,38.14486063,-121.9095222,,,,,,,,,,,,,,,,21.3,6.49224,0,10,20,0,15,15,40,30,21.153,15976,7.95,7.25,4.46,8.72,Gravel,Channel,Marsh,yes
2021,September,SM38,Cygnus - Cordelia Slough (CYG),2021-09-01T00:00:00Z,38.1527,-122.0908,,,,,,,,,,,,,,,,26.8,8.16864,,,,,,,,,20.702,21003,7.76,3.43,16.26,7.47,Fines,Slough,Marsh,yes
2021,September,SM40,Wells Slough,2021-09-01T00:00:00Z,38.17939489,-122.0711955,,,,,,,,,,,,,,,,10.4,3.16992,20,60,20,0,0,0,0,80,21.255,20065,7.78,3.41,19.36,7.37,Fines,Slough,Marsh,yes
2021,September,SM42,Sheldrake Slough,2021-09-01T00:00:00Z,38.19791558,-122.0512302,,,,,,,,,,,,,,,,2.8,0.85344,10,80,10,0,0,0,0,90,20.413,19101,7.86,7.21,21.68,7.35,Fines,Slough,Marsh,yes
2021,September,SM43,Peytonia Slough,2021-09-01T00:00:00Z,38.22008214,-122.0449793,,,,,,,,,,,,,,,,6.9,2.10312,30,40,30,0,0,0,0,70,19.981,18807,7.78,8.84,14.36,6.8,Fines,Slough,Marsh,yes
2021,September,SM44,Tree Slough,2021-09-01T00:00:00Z,38.16893679,-122.0038916,,,,,,,,,,,,,,,,5.9,1.79832,40,40,20,0,0,0,0,60,20.817,18543,7.37,7.57,34.96,7.46,Fines,Slough,Marsh,yes
2021,September,SM45,Nurse Slough 4,2021-09-01T00:00:00Z,38.21771645,-121.9047008,,,,,,,,,,,,,,,,6.4,1.95072,40,50,10,0,0,0,0,60,20.646,19830,7.77,22.54,19.61,7.58,Fines,Slough,Marsh,yes
2021,September,SM49,Luco Slough 2,2021-09-01T00:00:00Z,38.210133,-121.924333,,,,,,,,,,,,,,,,6.2,1.88976,75,15,0,0,10,0,0,15,20.837,18927,7.74,17.56,15.9,7.8,Organic,Slough,Marsh,yes
2021,September,SM50,Goodyear Slough 2,2021-09-01T00:00:00Z,38.123083,-122.099383,,,,,,,,,,,,,,,,8.9,2.71272,100,0,0,0,0,0,0,0,20.716,21120,7.72,3.72,28.77,7.39,Organic,Slough,Marsh,yes
2021,September,SM51,First Mallard 2,2021-09-01T00:00:00Z,38.2029,-122.02935,,,,,,,,,,,,,,,,3,0.9144,40,40,20,0,0,0,0,60,20.077,19668,7.77,8.53,16.64,7.22,Organic,Slough,Marsh,yes
2021,September,SM52,Benthic D4,2021-09-20T00:00:00Z,38.0581151,-121.8193499,,,,,,,,,,,,,,,,27.6,8.41248,40,0,0,0,25,25,10,0,20.52,5890,8.23,2.47,15.7,8.29,Organic,River,River,yes
