"Station","Analyte","Datetime","Count","Min","Max","Mean","Variance","Range","Median","Lquant","Uquant","IQR","FracTime"
"(C-2B)  Collinsville B","Fluorescence",2018-07-01,24,1.0275,1.77,1.46387916666667,0.0379579710144927,0.7425,1.46299027777778,1.345,1.596875,0.251875,0
"(C-2B)  Collinsville B","Fluorescence",2018-07-02,24,1.2775,1.7425,1.48069050925926,0.0167248188405797,0.465,1.48692708333333,1.3875,1.595,0.2075,0
"(C-2B)  Collinsville B","Fluorescence",2018-07-03,24,1.17,1.705,1.43942696759259,0.0296972712862319,0.535,1.43871666666667,1.308125,1.6,0.291875,0
"(C-2B)  Collinsville B","Fluorescence",2018-07-04,24,1.0825,1.795,1.46337418981481,0.0404461843297101,0.7125,1.46332569444444,1.32875,1.606875,0.278125,0
"(C-2B)  Collinsville B","Fluorescence",2018-07-05,24,1.0925,1.9525,1.50591371527778,0.0554478147644927,0.86,1.49662013888889,1.363125,1.633125,0.27,0
"(C-2B)  Collinsville B","Fluorescence",2018-07-06,24,1.2225,1.955,1.54609403935185,0.0332108582427536,0.7325,1.54713402777778,1.411875,1.65375,0.241875,0
"(C-2B)  Collinsville B","Fluorescence",2018-07-07,24,1.18,1.8525,1.51964994212963,0.0298134850543478,0.6725,1.51683055555556,1.384375,1.61875,0.234375,0
"(C-2B)  Collinsville B","Fluorescence",2018-07-08,24,1.18,1.8325,1.50390329861111,0.0289390851449275,0.6525,1.49695902777778,1.35625,1.634375,0.278125,0
"(C-2B)  Collinsville B","Fluorescence",2018-07-09,24,1.1875,1.7275,1.49682685185185,0.0274195652173913,0.54,1.49447361111111,1.311875,1.600625,0.28875,0
"(C-2B)  Collinsville B","Fluorescence",2018-07-10,24,1.215,1.835,1.52640931712963,0.0361983242753623,0.62,1.52701388888889,1.345,1.651875,0.306875,0
"(C-2B)  Collinsville B","Fluorescence",2018-07-11,24,1.1425,1.815,1.55592309027778,0.0353798460144927,0.6725,1.54907847222222,1.365625,1.685625,0.32,0
"(C-2B)  Collinsville B","Fluorescence",2018-07-12,24,1.25,2.0125,1.62046892361111,0.0445688405797101,0.7625,1.62470138888889,1.49,1.735625,0.245625,0
"(C-2B)  Collinsville B","Fluorescence",2018-07-13,24,1.29,2.0075,1.63279149305556,0.0468294836956522,0.7175,1.63549236111111,1.468125,1.7775,0.309375,0
"(C-2B)  Collinsville B","Fluorescence",2018-07-14,24,1.2725,2.13,1.64884201388889,0.049006884057971,0.8575,1.65215694444444,1.5025,1.808125,0.305625,0
"(C-2B)  Collinsville B","Fluorescence",2018-07-15,24,1.2425,2.055,1.66967494212963,0.0471277060688406,0.8125,1.67402013888889,1.52375,1.84375,0.32,0
"(C-2B)  Collinsville B","Fluorescence",2018-07-16,24,1.21,2.0375,1.61212291666667,0.0494453691123188,0.8275,1.61686875,1.515,1.735625,0.220625,0
"(C-2B)  Collinsville B","Fluorescence",2018-07-17,24,1.17,1.8375,1.52807361111111,0.0331512567934783,0.6675,1.52676111111111,1.335,1.66875,0.33375,0
"(C-2B)  Collinsville B","Fluorescence",2018-07-18,24,1.255,1.895,1.56091597222222,0.0324451086956522,0.64,1.55837847222222,1.42,1.684375,0.264375,0
"(C-2B)  Collinsville B","Fluorescence",2018-07-19,24,1.245,2.05,1.6390833912037,0.0379264492753623,0.805,1.63266388888889,1.53625,1.735,0.19875,0
"(C-2B)  Collinsville B","Fluorescence",2018-07-20,24,1.345,2.135,1.70006846064815,0.0468600430253623,0.79,1.69656805555556,1.56125,1.854375,0.293125,0
"(C-2B)  Collinsville B","Fluorescence",2018-07-21,24,1.385,2.37,1.79774195601852,0.0694820199275362,0.985,1.78549444444444,1.599375,2.010625,0.41125,0
"(C-2B)  Collinsville B","Fluorescence",2018-07-22,24,1.465,2.555,1.87873136574074,0.078094825634058,1.09,1.87662152777778,1.6925,1.971875,0.279375,0
"(C-2B)  Collinsville B","Fluorescence",2018-07-23,24,1.4525,2.73,1.90311452546296,0.0867728147644927,1.2775,1.90129444444444,1.66875,1.98375,0.315,0
"(C-2B)  Collinsville B","Fluorescence",2018-07-24,24,1.2225,2.52,1.87582118055556,0.0978564764492754,1.2975,1.86438333333333,1.63875,2.035625,0.396875,0
"(C-2B)  Collinsville B","Fluorescence",2018-07-25,24,1.175,2.495,1.84070787037037,0.126722826086957,1.32,1.83458125,1.594375,2.015,0.420625,0
"(C-2B)  Collinsville B","Fluorescence",2018-07-26,24,1.1475,2.4425,1.80650972222222,0.131292017663043,1.295,1.81302986111111,1.5325,2.05125,0.51875,0
"(C-2B)  Collinsville B","Fluorescence",2018-07-27,24,1.1425,2.2425,1.68555202546296,0.104405253623188,1.1,1.69785486111111,1.51875,1.933125,0.414375,0
"(C-2B)  Collinsville B","Fluorescence",2018-07-28,24,0.95,1.89,1.48156927083333,0.0841600430253623,0.94,1.48254375,1.30625,1.739375,0.433125,0
"(C-2B)  Collinsville B","Fluorescence",2018-07-29,24,0.8475,1.8675,1.29219878472222,0.0851203691123188,1.02,1.29862569444444,1.065,1.4475,0.3825,0
"(C-2B)  Collinsville B","Fluorescence",2018-07-30,24,0.8675,1.45,1.12628697916667,0.0285054234601449,0.5825,1.12965208333333,0.961875,1.24625,0.284375,0
"(C-2B)  Collinsville B","Fluorescence",2018-07-31,24,0.7725,1.4125,1.0799005787037,0.027322995923913,0.64,1.08170972222222,0.943125,1.19875,0.255625,0
"(C-2B)  Collinsville B","Fluorescence",2018-08-01,24,0.825,1.365,1.06077627314815,0.0178576086956522,0.54,1.05641736111111,0.97125,1.1725,0.20125,0
"(C-2B)  Collinsville B","Fluorescence",2018-08-02,24,0.785,1.4075,1.08946469907407,0.0243771286231884,0.6225,1.0901875,0.98125,1.213125,0.231875,0
"(C-2B)  Collinsville B","Fluorescence",2018-08-03,24,0.87,1.545,1.14484386574074,0.0271316576086956,0.675,1.13725902777778,1.023125,1.21125,0.188125,0
"(C-2B)  Collinsville B","Fluorescence",2018-08-04,24,0.8025,1.545,1.20849965277778,0.0311909307065217,0.7425,1.19829791666667,1.1025,1.32625,0.22375,0
"(C-2B)  Collinsville B","Fluorescence",2018-08-05,24,0.9675,1.5925,1.24754270833333,0.0339412930253623,0.625,1.24712430555556,1.118125,1.39125,0.273125,0
"(C-2B)  Collinsville B","Fluorescence",2018-08-06,24,0.9325,1.605,1.24940162037037,0.0427269927536232,0.6725,1.24589097222222,1.09625,1.448125,0.351875,0
"(C-2B)  Collinsville B","Fluorescence",2018-08-07,24,0.9425,1.8025,1.26101689814815,0.0445627604166667,0.86,1.25515347222222,1.081875,1.364375,0.2825,0
"(C-2B)  Collinsville B","Fluorescence",2018-08-08,24,0.8375,1.7575,1.24997280092593,0.0588407155797101,0.92,1.24298680555556,1.00375,1.40625,0.4025,0
"(C-2B)  Collinsville B","Fluorescence",2018-08-09,24,0.75,1.73,1.20317175925926,0.0614679234601449,0.98,1.19900347222222,0.96125,1.3225,0.36125,0
"(C-2B)  Collinsville B","Fluorescence",2018-08-10,24,0.8375,1.76,1.19017962962963,0.0459126358695652,0.9225,1.18731388888889,1.056875,1.355625,0.29875,0
"(C-2B)  Collinsville B","Fluorescence",2018-08-11,24,0.875,1.5025,1.20242725694444,0.0326450634057971,0.6275,1.18688472222222,1.01625,1.290625,0.274375,0
"(C-2B)  Collinsville B","Fluorescence",2018-08-12,24,0.94,1.93,1.24711834490741,0.0660021286231884,0.99,1.24622916666667,1.068125,1.430625,0.3625,0
"(C-2B)  Collinsville B","Fluorescence",2018-08-13,24,0.885,2.06,1.25277193287037,0.0581747169384058,1.175,1.25101458333333,1.110625,1.3625,0.251875,0
"(C-2B)  Collinsville B","Fluorescence",2018-08-14,24,0.98,1.88,1.33683935185185,0.0390831408514493,0.9,1.35290277777778,1.2325,1.461875,0.229375,0
"(C-2B)  Collinsville B","Fluorescence",2018-08-15,24,1.115,1.795,1.3656453125,0.0339711843297101,0.68,1.37460555555556,1.214375,1.480625,0.26625,0
"(C-2B)  Collinsville B","Fluorescence",2018-08-16,24,1.0475,1.79,1.2781447337963,0.0333353260869565,0.7425,1.27232569444444,1.161875,1.33,0.168125,0
"(C-2B)  Collinsville B","Fluorescence",2018-08-17,24,1.105,1.84,1.309125,0.0286846014492754,0.735,1.3085125,1.208125,1.404375,0.19625,0
"(C-2B)  Collinsville B","Fluorescence",2018-08-18,24,0.9825,1.6325,1.2640927662037,0.0188352241847826,0.65,1.26014444444444,1.176875,1.311875,0.135,0
"(C-2B)  Collinsville B","Fluorescence",2018-08-19,24,1.035,1.8725,1.29966556712963,0.0436015851449275,0.8375,1.29621805555556,1.151875,1.3725,0.220625,0
"(C-2B)  Collinsville B","Fluorescence",2018-08-20,24,0.9525,1.74,1.33102962962963,0.0571705502717391,0.7875,1.32799375,1.09625,1.47875,0.3825,0
"(C-2B)  Collinsville B","Fluorescence",2018-08-21,24,1.1425,2.0125,1.41222037037037,0.0782102807971014,0.87,1.41081388888889,1.23,1.59625,0.36625,0
"(C-2B)  Collinsville B","Fluorescence",2018-08-22,24,1.0675,1.805,1.35927013888889,0.0669776721014493,0.7375,1.35533819444444,1.118125,1.5575,0.439375,0
"(C-2B)  Collinsville B","Fluorescence",2018-08-23,24,1.185,1.955,1.59934641203704,0.0278352241847826,0.77,1.59501041666667,1.50375,1.663125,0.159375,0
"(C-2B)  Collinsville B","Fluorescence",2018-08-24,24,1.3175,2.3625,1.75368003472222,0.106210824275362,1.045,1.75439722222222,1.50125,1.960625,0.459375,0
"(C-2B)  Collinsville B","Fluorescence",2018-08-25,24,1.3375,2.5575,1.73864305555556,0.130529336503623,1.22,1.741525,1.465625,1.98125,0.515625,0
"(C-2B)  Collinsville B","Fluorescence",2018-08-26,24,1.36,2.4625,1.79587361111111,0.102422271286232,1.1025,1.80882083333333,1.59375,2.06875,0.475,0
"(C-2B)  Collinsville B","Fluorescence",2018-08-27,24,1.2975,2.52,1.78602262731481,0.103834375,1.2225,1.80019583333333,1.573125,2.0325,0.459375,0
"(C-2B)  Collinsville B","Fluorescence",2018-08-28,24,1.36,2.3175,1.68793315972222,0.0616477807971015,0.9575,1.70037152777778,1.520625,1.838125,0.3175,0
"(C-2B)  Collinsville B","Fluorescence",2018-08-29,24,1.2925,2.225,1.59114565972222,0.0593315104166667,0.9325,1.60253888888889,1.438125,1.685,0.246875,0
"(C-2B)  Collinsville B","Fluorescence",2018-08-30,24,1.28,2.01,1.52970422453704,0.0375492753623188,0.73,1.53502013888889,1.389375,1.6825,0.293125,0
"(C-2B)  Collinsville B","Fluorescence",2018-08-31,24,1.24,2.1225,1.48687239583333,0.0403581408514493,0.8825,1.48628125,1.345,1.58,0.235,0
"(C-2B)  Collinsville B","Fluorescence",2018-09-01,24,1.245,2.0175,1.51459924768519,0.0377036231884058,0.7725,1.51957152777778,1.361875,1.618125,0.25625,0
"(C-2B)  Collinsville B","Fluorescence",2018-09-02,24,1.26,1.88,1.5371787037037,0.0225538043478261,0.62,1.54039791666667,1.42125,1.591875,0.170625,0
"(C-2B)  Collinsville B","Fluorescence",2018-09-03,24,1.2875,2.345,1.63823796296296,0.0685173460144928,1.0575,1.6482,1.478125,1.818125,0.34,0
"(C-2B)  Collinsville B","Fluorescence",2018-09-04,24,1.3475,2.1175,1.72612118055556,0.0678599524456522,0.77,1.72574305555556,1.453125,1.97,0.516875,0
"(C-2B)  Collinsville B","Fluorescence",2018-09-05,24,1.4425,2.43,1.80542899305556,0.0646547101449275,0.9875,1.7973875,1.64875,1.98375,0.335,0
"(C-2B)  Collinsville B","Fluorescence",2018-09-06,24,1.52,2.32,1.90129097222222,0.0604172101449275,0.8,1.89760555555556,1.661875,2.09875,0.436875,0
"(C-2B)  Collinsville B","Fluorescence",2018-09-07,24,1.4725,2.5825,1.89113414351852,0.0856309669384058,1.11,1.898125,1.68875,2.0825,0.39375,0
"(C-2B)  Collinsville B","Fluorescence",2018-09-08,24,1.4475,2.275,1.8430087962963,0.0505504415760869,0.8275,1.84387291666667,1.669375,2.065,0.395625,0
"(C-2B)  Collinsville B","Fluorescence",2018-09-09,24,1.44,2.265,1.83904074074074,0.0526471014492754,0.825,1.84259166666667,1.7025,2.08125,0.37875,0
"(C-2B)  Collinsville B","Fluorescence",2018-09-10,24,1.55,2.205,1.78888315972222,0.0334582880434783,0.655,1.80132916666667,1.668125,1.9725,0.304375,0
"(C-2B)  Collinsville B","Fluorescence",2018-09-11,24,1.4875,2.035,1.79075978009259,0.0206608582427536,0.5475,1.78923125,1.714375,1.88625,0.171875,0
"(C-2B)  Collinsville B","Fluorescence",2018-09-12,24,1.535,2.74,1.83048640046296,0.0866025362318841,1.205,1.84224513888889,1.649375,1.94,0.290625,0
"(C-2B)  Collinsville B","Fluorescence",2018-09-13,24,1.43,1.9025,1.65779537037037,0.0151666666666667,0.4725,1.64772708333333,1.5375,1.744375,0.206875,0
"(C-2B)  Collinsville B","Fluorescence",2018-09-14,24,1.315,1.7625,1.57379756944444,0.0135458220108696,0.4475,1.56888333333333,1.471875,1.636875,0.165,0
"(C-2B)  Collinsville B","Fluorescence",2018-09-15,24,1.3975,1.82,1.62537471064815,0.0104081408514493,0.4225,1.62414305555556,1.561875,1.695625,0.13375,0
"(C-2B)  Collinsville B","Fluorescence",2018-09-16,24,1.16,1.8775,1.4860150462963,0.0461644927536232,0.7175,1.46943888888889,1.2725,1.66875,0.39625,0
"(C-2B)  Collinsville B","Fluorescence",2018-09-17,24,1.11,1.7525,1.44694924768519,0.0353450067934783,0.6425,1.44589513888889,1.2925,1.57,0.2775,0
"(C-2B)  Collinsville B","Fluorescence",2018-09-18,24,1.1475,1.715,1.47549508101852,0.0318091372282609,0.5675,1.48528541666667,1.344375,1.655,0.310625,0
"(C-2B)  Collinsville B","Fluorescence",2018-09-19,24,1.0925,1.775,1.48167627314815,0.0367054347826087,0.6825,1.49217916666667,1.376875,1.6375,0.260625,0
"(C-2B)  Collinsville B","Fluorescence",2018-09-20,24,1.01,1.78,1.32094849537037,0.0554287024456522,0.77,1.31932916666667,1.15125,1.53875,0.3875,0
"(C-2B)  Collinsville B","Fluorescence",2018-09-21,24,1.0325,1.4525,1.21912980324074,0.0143157495471014,0.42,1.22103402777778,1.104375,1.26875,0.164375,0
"(C-2B)  Collinsville B","Fluorescence",2018-09-22,24,1.02,1.8025,1.28091047453704,0.0293678894927536,0.7825,1.28411666666667,1.193125,1.345,0.151875,0
"(C-2B)  Collinsville B","Fluorescence",2018-09-23,24,0.97,1.6675,1.2489650462963,0.0207254981884058,0.6975,1.24560277777778,1.18375,1.316875,0.133125,0
"(C-2B)  Collinsville B","Fluorescence",2018-09-24,24,0.845,1.5225,1.21208460648148,0.0218675611413043,0.6775,1.21038263888889,1.139375,1.316875,0.1775,0
"(C-2B)  Collinsville B","Fluorescence",2018-09-25,24,0.8275,1.72,1.25124947916667,0.0311983242753623,0.8925,1.25156319444444,1.191875,1.319375,0.1275,0
"(C-2B)  Collinsville B","Fluorescence",2018-09-26,24,0.875,1.4575,1.24144380787037,0.0219325973731884,0.5825,1.24307291666667,1.17875,1.339375,0.160625,0
"(C-2B)  Collinsville B","Fluorescence",2018-09-27,24,1.085,1.505,1.30793726851852,0.0138870923913043,0.42,1.29644166666667,1.200625,1.380625,0.18,0
"(C-2B)  Collinsville B","Fluorescence",2018-09-28,24,1.2375,2.48,1.49312662037037,0.101333514492754,1.2425,1.50532569444444,1.358125,1.51625,0.158125,0
"(C-2B)  Collinsville B","Fluorescence",2018-09-29,24,1.2175,1.43,1.32978385416667,0.00463205389492754,0.2125,1.32641111111111,1.264375,1.38375,0.119375,0
"(C-2B)  Collinsville B","Fluorescence",2018-09-30,24,1.125,1.435,1.2649515625,0.00758220108695652,0.31,1.26560208333333,1.166875,1.315625,0.14875,0
"(S-54)  Hunter Cut","Fluorescence",2018-07-01,24,2.01,5.4225,2.79648483796296,0.650905876358696,3.4125,2.90542777777778,2.364375,3.139375,0.775,0
"(S-54)  Hunter Cut","Fluorescence",2018-07-02,24,1.8425,2.9075,2.28033449074074,0.0743624886775362,1.065,2.26328055555556,2.105,2.39125,0.28625,0
"(S-54)  Hunter Cut","Fluorescence",2018-07-03,24,1.7425,2.5575,2.14186545138889,0.0363877604166667,0.815,2.14546527777778,2.035625,2.2675,0.231875,0
"(S-54)  Hunter Cut","Fluorescence",2018-07-04,24,1.5675,2.47,2.07333969907407,0.0473456408514493,0.9025,2.06742291666667,1.9475,2.22125,0.273750000000001,0
"(S-54)  Hunter Cut","Fluorescence",2018-07-05,24,1.7625,2.6025,2.19874600694444,0.0542731884057971,0.84,2.17617430555556,1.9875,2.31125,0.32375,0
"(S-54)  Hunter Cut","Fluorescence",2018-07-06,24,1.9375,7.435,3.81419797453704,2.63554184782609,5.4975,3.850675,2.365625,4.745,2.379375,0
"(S-54)  Hunter Cut","Fluorescence",2018-07-07,24,3.83,6.075,4.63443472222222,0.336125498188406,2.245,4.67489930555555,4.314375,4.728125,0.41375,0
"(S-54)  Hunter Cut","Fluorescence",2018-07-08,24,3.8575,5.9975,4.84564293981482,0.443804483695652,2.14,4.84472569444444,4.258125,5.081875,0.82375,0
"(S-54)  Hunter Cut","Fluorescence",2018-07-09,24,4.095,5.9925,5.0528822337963,0.222251630434783,1.8975,5.04453611111111,4.754375,5.376875,0.6225,0
"(S-54)  Hunter Cut","Fluorescence",2018-07-10,24,4.3025,6.4675,5.14678252314815,0.318005389492753,2.165,5.14066458333333,4.84125,5.39625,0.555000000000001,0
"(S-54)  Hunter Cut","Fluorescence",2018-07-11,24,4.1625,6.805,5.04956041666667,0.31130216259058,2.6425,5.05164583333333,4.77375,5.17875,0.405000000000001,0
"(S-54)  Hunter Cut","Fluorescence",2018-07-12,24,4.415,6.92,5.00126915509259,0.270770278532609,2.505,5.02700486111111,4.760625,5.33375,0.573125,0
"(S-54)  Hunter Cut","Fluorescence",2018-07-13,24,3.4125,5.035,4.43483258101852,0.16877761548913,1.6225,4.33489375,4.203125,4.525,0.321875,0
"(S-54)  Hunter Cut","Fluorescence",2018-07-14,24,2.94,5.0025,4.17955642361111,0.209980027173913,2.0625,4.22508125,4.158125,4.469375,0.311249999999999,0
"(S-54)  Hunter Cut","Fluorescence",2018-07-15,24,2.8425,4.82,3.92836099537037,0.224188405797101,1.9775,3.90161388888889,3.615,4.185,0.570000000000001,0
"(S-54)  Hunter Cut","Fluorescence",2018-07-16,24,2.7675,4.415,3.71524670138889,0.192974354619565,1.6475,3.68393194444444,3.446875,3.945,0.498125,0
"(S-54)  Hunter Cut","Fluorescence",2018-07-17,24,2.78,4.77,3.60559021990741,0.193395063405797,1.99,3.61645555555555,3.296875,3.875,0.578125,0
"(S-54)  Hunter Cut","Fluorescence",2018-07-18,24,2.8125,4.5025,3.60864149305556,0.173815579710145,1.69,3.62081111111111,3.4025,3.826875,0.424375,0
"(S-54)  Hunter Cut","Fluorescence",2018-07-19,24,2.9275,4.385,3.6723265625,0.131763032155797,1.4575,3.67681458333333,3.483125,3.78625,0.303125,0
"(S-54)  Hunter Cut","Fluorescence",2018-07-20,24,3.2625,4.815,3.80863958333333,0.139675362318841,1.5525,3.82352847222222,3.56125,3.99,0.42875,0
"(S-54)  Hunter Cut","Fluorescence",2018-07-21,24,3.7475,5.1375,4.14460295138889,0.127448731884058,1.39,4.13303055555556,3.939375,4.153125,0.21375,0
"(S-54)  Hunter Cut","Fluorescence",2018-07-22,24,3.765,5.85,4.55061394675926,0.221536548913043,2.085,4.58674305555556,4.379375,4.670625,0.29125,0
"(S-54)  Hunter Cut","Fluorescence",2018-07-23,24,4.155,6.0375,4.74344270833333,0.202191440217391,1.8825,4.74576875,4.47,4.969375,0.499375,0
"(S-54)  Hunter Cut","Fluorescence",2018-07-24,24,4.01,5.61,4.67073831018519,0.228007778532609,1.6,4.67996666666667,4.2775,4.883125,0.605625,0
"(S-54)  Hunter Cut","Fluorescence",2018-07-25,24,4.0425,5.63,4.61954253472222,0.262194553894928,1.5875,4.63087916666667,4.185625,4.98125,0.795625,0
"(S-54)  Hunter Cut","Fluorescence",2018-07-26,24,3.9925,4.9625,4.37628512731481,0.110818919836957,0.970000000000001,4.36929791666667,4.095,4.6775,0.5825,0
"(S-54)  Hunter Cut","Fluorescence",2018-07-27,24,3.6125,5.53,4.35223628472222,0.218007971014493,1.9175,4.32199166666667,3.97875,4.521875,0.543125,0
"(S-54)  Hunter Cut","Fluorescence",2018-07-28,24,3.6775,5.0825,4.34340462962963,0.122286911231884,1.405,4.328975,4.146875,4.418125,0.27125,0
"(S-54)  Hunter Cut","Fluorescence",2018-07-29,24,3.775,6.7625,4.84264467592593,0.615681782155797,2.9875,4.80058333333333,4.1825,4.98375,0.80125,0
"(S-54)  Hunter Cut","Fluorescence",2018-07-30,24,4.0975,9.405,5.10507621527778,1.38065285326087,5.3075,5.12651666666667,4.43625,5.26875,0.8325,0
"(S-54)  Hunter Cut","Fluorescence",2018-07-31,24,3.655,7.3325,5.30832679398148,1.01423002717391,3.6775,5.32817777777778,4.55,6.105625,1.555625,0
"(S-54)  Hunter Cut","Fluorescence",2018-08-01,24,4.9275,7.5,5.77217395833333,0.39175841259058,2.5725,5.75368888888889,5.415625,5.89625,0.480625000000001,0
"(S-54)  Hunter Cut","Fluorescence",2018-08-02,24,4.12,7.835,5.08655069444444,0.84085919384058,3.715,5.19202291666667,4.601875,5.523125,0.92125,0
"(S-54)  Hunter Cut","Fluorescence",2018-08-03,24,2.5325,4.41,3.3899572337963,0.469263303894928,1.8775,3.32929097222222,2.7125,4.04875,1.33625,0
"(S-54)  Hunter Cut","Fluorescence",2018-08-04,24,2.305,3.52,3.1496421875,0.0846724524456522,1.215,3.15131180555556,3.01875,3.35625,0.3375,0
"(S-54)  Hunter Cut","Fluorescence",2018-08-05,24,2.6325,4.1125,3.38278645833333,0.171732019927536,1.48,3.39211944444444,3.194375,3.78375,0.589375,0
"(S-54)  Hunter Cut","Fluorescence",2018-08-06,24,2.655,4.3225,3.26018061342593,0.274807427536232,1.6675,3.26030625,2.846875,3.685625,0.83875,0
"(S-54)  Hunter Cut","Fluorescence",2018-08-07,24,2.1275,4.5675,3.38666484445094,0.53092122388464,2.44,3.38166772974773,2.914375,3.92875,1.014375,0
"(S-54)  Hunter Cut","Fluorescence",2018-08-08,24,2.09,4.095,3.10182187583662,0.350067459841633,2.005,3.03826376831486,2.576875,3.528125,0.951249999999999,0
"(S-54)  Hunter Cut","Fluorescence",2018-08-09,24,2.0825,4.25,2.97425592664775,0.517531782155797,2.1675,2.97272250915743,2.38625,3.48625,1.1,0
"(S-54)  Hunter Cut","Fluorescence",2018-08-10,24,1.95,4.13,2.7761443287037,0.432685144927536,2.18,2.78509375,2.28375,3.205625,0.921875,0
"(S-54)  Hunter Cut","Fluorescence",2018-08-11,24,1.985,3.255,2.52439519675926,0.0794534307065217,1.27,2.50737916666667,2.356875,2.633125,0.27625,0
"(S-54)  Hunter Cut","Fluorescence",2018-08-12,24,1.9275,3.475,2.38878240740741,0.100120788043478,1.5475,2.38605069444444,2.24125,2.46625,0.225,0
"(S-54)  Hunter Cut","Fluorescence",2018-08-13,24,2.0275,4.285,2.50743611111111,0.326163575634058,2.2575,2.52519444444444,2.244375,2.63375,0.389375,0
"(S-54)  Hunter Cut","Fluorescence",2018-08-14,24,1.9625,2.87,2.35671018518519,0.0488119565217391,0.9075,2.32190555555556,2.181875,2.414375,0.2325,0
"(S-54)  Hunter Cut","Fluorescence",2018-08-15,24,1.9025,2.5525,2.2228369212963,0.0299414741847826,0.65,2.23384861111111,2.134375,2.373125,0.23875,0
"(S-54)  Hunter Cut","Fluorescence",2018-08-16,24,1.79,2.67,2.13248165509259,0.0431366734601449,0.88,2.12220208333333,1.95625,2.2575,0.30125,0
"(S-54)  Hunter Cut","Fluorescence",2018-08-17,24,1.7775,3.675,2.4522880787037,0.261631963315217,1.8975,2.48543819444444,2.153125,2.6875,0.534375,0
"(S-54)  Hunter Cut","Fluorescence",2018-08-18,24,1.935,3.705,2.7404762888991,0.304495108695652,1.77,2.75515208333333,2.2625,3.2,0.9375,0
"(S-54)  Hunter Cut","Fluorescence",2018-08-19,24,2.0525,4.63,3.02013245550147,0.598122022562474,2.5775,3.07329740215858,2.4525,3.46259541323724,1.01009541323724,0
"(S-54)  Hunter Cut","Fluorescence",2018-08-20,24,2.16,4.15,3.08362583874224,0.275526630434783,1.99,3.07954722222222,2.665625,3.345625,0.680000000000001,0
"(S-54)  Hunter Cut","Fluorescence",2018-08-21,24,2.1625,4.03,3.1267822337963,0.21793419384058,1.8675,3.1241875,2.869375,3.386875,0.517500000000001,0
"(S-54)  Hunter Cut","Fluorescence",2018-08-22,24,2.315,4.065,3.20810422453704,0.252239300271739,1.75,3.20996527777778,2.955625,3.470625,0.515,0
"(S-54)  Hunter Cut","Fluorescence",2018-08-23,24,2.34,3.9375,3.17143072916667,0.212583140851449,1.5975,3.16005208333333,2.82875,3.48125,0.6525,0
"(S-54)  Hunter Cut","Fluorescence",2018-08-24,24,2.4475,3.7025,3.04764403935185,0.141876528532609,1.255,3.03614305555556,2.781875,3.304375,0.5225,0
"(S-54)  Hunter Cut","Fluorescence",2018-08-25,24,2.3225,3.855,2.9439177662037,0.184040387228261,1.5325,2.97548611111111,2.64875,3.2125,0.56375,0
"(S-54)  Hunter Cut","Fluorescence",2018-08-26,24,2.2525,3.245,2.70470671296296,0.0638809669384058,0.9925,2.68152847222222,2.530625,2.8325,0.301875,0
"(S-54)  Hunter Cut","Fluorescence",2018-08-27,24,2.2875,3.0375,2.57070422453704,0.0419822350543478,0.75,2.57889930555556,2.416875,2.72125,0.304375,0
"(S-54)  Hunter Cut","Fluorescence",2018-08-28,24,2.145,2.8275,2.45161666666667,0.0389922101449275,0.6825,2.45268263888889,2.3225,2.563125,0.240625,0
"(S-54)  Hunter Cut","Fluorescence",2018-08-29,24,2.015,2.5675,2.33026834490741,0.0232266191123188,0.5525,2.31529583333333,2.20125,2.423125,0.221875,0
"(S-54)  Hunter Cut","Fluorescence",2018-08-30,24,1.9275,2.7475,2.27601284722222,0.0321026154891304,0.82,2.28654583333333,2.195,2.370625,0.175625,0
"(S-54)  Hunter Cut","Fluorescence",2018-08-31,24,1.3025,2.3525,1.84576655092593,0.14270597826087,1.05,1.84174861111111,1.499375,2.253125,0.75375,0
"(S-54)  Hunter Cut","Fluorescence",2018-09-01,24,1.3175,2.56,1.62192135416667,0.0864030797101449,1.2425,1.625225,1.43125,1.84875,0.4175,0
"(S-54)  Hunter Cut","Fluorescence",2018-09-02,24,1.1025,3.415,1.68399027777778,0.389060144927536,2.3125,1.71617013888889,1.256875,2.07625,0.819375,0
"(S-54)  Hunter Cut","Fluorescence",2018-09-03,24,1.1175,3.05,1.76122135416667,0.387408106884058,1.9325,1.76428263888889,1.335625,2.265,0.929375,0
"(S-54)  Hunter Cut","Fluorescence",2018-09-04,24,1.155,2.7825,1.74447627314815,0.211601992753623,1.6275,1.74142361111111,1.4025,1.828125,0.425625,0
"(S-54)  Hunter Cut","Fluorescence",2018-09-05,24,1.16,2.33,1.78186128472222,0.101089673913043,1.17,1.78563611111111,1.536875,1.973125,0.43625,0
"(S-54)  Hunter Cut","Fluorescence",2018-09-06,24,1.3425,2.3,1.79425069444444,0.0669912930253623,0.9575,1.79582986111111,1.56625,1.951875,0.385625,0
"(S-54)  Hunter Cut","Fluorescence",2018-09-07,24,1.255,2.3525,1.76275324074074,0.0641668365036232,1.0975,1.74886805555556,1.62875,1.8675,0.23875,0
"(S-54)  Hunter Cut","Fluorescence",2018-09-08,24,1.545,2.7375,1.93671886574074,0.0817646286231884,1.1925,1.95941388888889,1.75375,2.080625,0.326874999999999,0
"(S-54)  Hunter Cut","Fluorescence",2018-09-09,24,1.645,2.585,2.04808333333333,0.0793010869565217,0.94,2.01937986111111,1.796875,2.20875,0.411875,0
"(S-54)  Hunter Cut","Fluorescence",2018-09-10,24,1.7075,2.9425,2.17625815972222,0.103018919836957,1.235,2.17675347222222,1.94875,2.428125,0.479375,0
"(S-54)  Hunter Cut","Fluorescence",2018-09-11,24,1.7375,3.3925,2.24450196759259,0.171315206068841,1.655,2.25011041666667,1.964375,2.521875,0.5575,0
"(S-54)  Hunter Cut","Fluorescence",2018-09-12,24,1.775,2.7075,2.24030601851852,0.0650252604166667,0.9325,2.21340069444444,2.064375,2.34,0.275625,0
"(S-54)  Hunter Cut","Fluorescence",2018-09-13,24,1.745,2.5375,2.17932835648148,0.0392787930253623,0.7925,2.17874861111111,2.064375,2.329375,0.265,0
"(S-54)  Hunter Cut","Fluorescence",2018-09-14,24,1.8675,2.665,2.24588993055556,0.039775,0.7975,2.26122708333333,2.15875,2.37375,0.215,0
"(S-54)  Hunter Cut","Fluorescence",2018-09-15,24,1.8125,2.7075,2.30782760416667,0.0538989130434783,0.895,2.31389375,2.16375,2.444375,0.280625,0
"(S-54)  Hunter Cut","Fluorescence",2018-09-16,24,1.96,3.445,2.46199340277778,0.226732506793478,1.485,2.52032847222222,2.1575,2.7375,0.58,0
"(S-54)  Hunter Cut","Fluorescence",2018-09-17,24,1.87,4.3,2.69262225345655,0.349467651721015,2.43,2.68029861111111,2.315625,3.10375,0.788125,0
"(S-54)  Hunter Cut","Fluorescence",2018-09-18,24,2.2375,6.5075,4.00513814831801,1.83377513121424,4.27,4.06913850536818,2.73125,4.773125,2.041875,0
"(S-54)  Hunter Cut","Fluorescence",2018-09-19,24,3.6825,6.695,4.76260202546296,0.732692651721014,3.0125,4.75997638888889,4.02875,5.258125,1.229375,0
"(S-54)  Hunter Cut","Fluorescence",2018-09-20,24,3.38,5.6475,4.36629166666667,0.430032563405797,2.2675,4.34933333333333,3.81625,4.7975,0.98125,0
"(S-54)  Hunter Cut","Fluorescence",2018-09-21,24,2.6925,4.69,3.87070353009259,0.253662216938406,1.9975,3.82343125,3.380625,4.08125,0.700625,0
"(S-54)  Hunter Cut","Fluorescence",2018-09-22,24,3.1375,7.9525,4.91020575217582,1.9708383844403,4.815,5.0866952034109,3.784375,6.00125,2.216875,0
"(S-54)  Hunter Cut","Fluorescence",2018-09-23,24,3.55,6.295,4.74800398244521,0.553744423954489,2.745,4.68470929986548,4.0625,5.175,1.1125,0
"(S-54)  Hunter Cut","Fluorescence",2018-09-24,24,2.9875,7.29339507983207,4.23631869477957,0.715755058820127,4.30589507983207,4.23893401994865,3.791875,4.51125,0.719374999999999,0
"(S-54)  Hunter Cut","Fluorescence",2018-09-25,24,3.02,6.32,4.60040034055674,0.877662094835372,3.3,4.54128312303168,3.815,5.254375,1.439375,0
"(S-54)  Hunter Cut","Fluorescence",2018-09-26,24,3.2825,8.0325,4.88983463365817,1.25888419384058,4.75,4.89728878373806,4.110625,5.300625,1.19,0
"(S-54)  Hunter Cut","Fluorescence",2018-09-27,24,3.345,5.3825,4.51382297453704,0.315064492753623,2.0375,4.48043888888889,3.970625,4.813125,0.842499999999999,0
"(S-54)  Hunter Cut","Fluorescence",2018-09-28,24,3.41,5.49,4.23862372685185,0.278068195199275,2.08,4.27173819444444,3.94375,4.59,0.64625,0
"(S-54)  Hunter Cut","Fluorescence",2018-09-29,24,3.15,4.2975,3.76601377314815,0.106541836503623,1.1475,3.75258819444444,3.48875,3.963125,0.474375,0
"(S-54)  Hunter Cut","Fluorescence",2018-09-30,24,3.11,4.2225,3.63233373842593,0.11781884057971,1.1125,3.63450763888889,3.346875,3.818125,0.47125,0
"(S-64)  National Steel","Fluorescence",2018-07-01,24,1.9725,3.52,2.95144866898148,0.186961005434783,1.5475,2.95713263888889,2.776875,3.230625,0.45375,0
"(S-64)  National Steel","Fluorescence",2018-07-02,24,1.93,3.355,2.76049247685185,0.214365036231884,1.425,2.77101666666667,2.429375,3.125625,0.69625,0
"(S-64)  National Steel","Fluorescence",2018-07-03,24,1.6125,3.3225,2.54459652777778,0.284183106884058,1.71,2.54926458333333,2.230625,2.9525,0.721875000000001,0
"(S-64)  National Steel","Fluorescence",2018-07-04,24,1.6875,3.165,2.41006197916667,0.200455434782609,1.4775,2.42960555555556,2.0775,2.796875,0.719375,0
"(S-64)  National Steel","Fluorescence",2018-07-05,24,1.595,3.0575,2.23281556712963,0.179211673460145,1.4625,2.23173611111111,1.86875,2.365625,0.496875,0
"(S-64)  National Steel","Fluorescence",2018-07-06,24,1.68,3.2075,2.30242581018519,0.189000985054348,1.5275,2.3024125,1.974375,2.55875,0.584375,0
"(S-64)  National Steel","Fluorescence",2018-07-07,24,1.785,3.16,2.41549103009259,0.183334601449275,1.375,2.40700972222222,2.055,2.719375,0.664375,0
"(S-64)  National Steel","Fluorescence",2018-07-08,24,1.8,3.5225,2.63364334490741,0.228648731884058,1.7225,2.61483194444444,2.25,2.855625,0.605625,0
"(S-64)  National Steel","Fluorescence",2018-07-09,24,1.825,4.1075,2.8627640625,0.354202977807971,2.2825,2.84056527777778,2.39875,3.0275,0.62875,0
"(S-64)  National Steel","Fluorescence",2018-07-10,24,1.78,4.52,3.19415509259259,0.466917346014493,2.74,3.19517916666667,2.729375,3.7,0.970625,0
"(S-64)  National Steel","Fluorescence",2018-07-11,24,1.6025,4.835,3.46713726851852,0.615386401721014,3.2325,3.48865069444444,3.0525,3.9525,0.899999999999999,0
"(S-64)  National Steel","Fluorescence",2018-07-12,24,1.9625,4.61,3.54129103009259,0.526362862318841,2.6475,3.57326875,3.199375,4.0925,0.893124999999999,0
"(S-64)  National Steel","Fluorescence",2018-07-13,24,1.8075,4.13,3.21755046296296,0.409301585144927,2.3225,3.20642430555555,2.899375,3.631875,0.732499999999999,0
"(S-64)  National Steel","Fluorescence",2018-07-14,24,1.925,3.7175,3.06412297453704,0.284828158967391,1.7925,3.06608263888889,2.67125,3.451875,0.780625,0
"(S-64)  National Steel","Fluorescence",2018-07-15,24,2.0975,3.6375,3.20320104166667,0.146930423460145,1.54,3.20396875,3.08625,3.475,0.388750000000001,0
"(S-64)  National Steel","Fluorescence",2018-07-16,24,1.5075,3.475,2.88678153935185,0.320041259057971,1.9675,2.88989166666667,2.66875,3.304375,0.635625,0
"(S-64)  National Steel","Fluorescence",2018-07-17,24,1.6475,3.6075,2.65806695601852,0.308933956068841,1.96,2.66921041666667,2.375,3.053125,0.678125,0
"(S-64)  National Steel","Fluorescence",2018-07-18,24,1.5325,3.65,2.6214890625,0.342101222826087,2.1175,2.56939722222222,2.21875,2.84,0.62125,0
"(S-64)  National Steel","Fluorescence",2018-07-19,24,1.5575,3.97,2.79923478009259,0.484870550271739,2.4125,2.82734305555556,2.35125,3.35625,1.005,0
"(S-64)  National Steel","Fluorescence",2018-07-20,24,1.6025,3.9075,2.4144568287037,0.456022101449275,2.305,2.38404513888889,1.839375,2.615,0.775625,0
"(S-64)  National Steel","Fluorescence",2018-07-21,24,1.6325,3.63,2.35342488425926,0.326880061141304,1.9975,2.33456666666667,1.891875,2.441875,0.55,0
"(S-64)  National Steel","Fluorescence",2018-07-22,24,2.0275,3.485,2.72948344907407,0.188189266304348,1.4575,2.79420069444444,2.491875,3.076875,0.585,0
"(S-64)  National Steel","Fluorescence",2018-07-23,24,2.0175,3.3675,2.80466782407407,0.125934227807971,1.35,2.80385277777778,2.613125,3.083125,0.47,0
"(S-64)  National Steel","Fluorescence",2018-07-24,24,1.76,3.315,2.57329751157407,0.176986911231884,1.555,2.56019166666667,2.251875,2.900625,0.64875,0
"(S-64)  National Steel","Fluorescence",2018-07-25,24,1.84,3.045,2.53549137731481,0.0813336956521739,1.205,2.53951736111111,2.33625,2.803125,0.466875,0
"(S-64)  National Steel","Fluorescence",2018-07-26,24,1.8075,3.035,2.38969658564815,0.0936760869565218,1.2275,2.37372708333333,2.220625,2.545625,0.325,0
"(S-64)  National Steel","Fluorescence",2018-07-27,24,1.755,3.0175,2.19094270833333,0.107119701086957,1.2625,2.1861625,2.005,2.39125,0.38625,0
"(S-64)  National Steel","Fluorescence",2018-07-28,24,1.3975,2.7825,2.05389386574074,0.135051347373188,1.385,2.04729444444444,1.825,2.283125,0.458125,0
"(S-64)  National Steel","Fluorescence",2018-07-29,24,1.4525,2.68,2.0434818287037,0.104141474184783,1.2275,2.03875833333333,1.81625,2.2675,0.45125,0
"(S-64)  National Steel","Fluorescence",2018-07-30,24,1.125,2.67,1.91558530092593,0.185748901721015,1.545,1.91073611111111,1.585,2.265625,0.680625,0
"(S-64)  National Steel","Fluorescence",2018-07-31,24,1.4475,3.145,2.07618547453704,0.246071727807971,1.6975,2.07772222222222,1.675625,2.394375,0.71875,0
"(S-64)  National Steel","Fluorescence",2018-08-01,24,1.84,3.6725,2.37294814814815,0.277926619112319,1.8325,2.38451597222222,2.008125,2.7525,0.744375,0
"(S-64)  National Steel","Fluorescence",2018-08-02,24,1.1675,2.9075,1.94742951388889,0.170301766304348,1.74,1.89962986111111,1.620625,2.07625,0.455625,0
"(S-64)  National Steel","Fluorescence",2018-08-03,24,0.875,1.44,1.27849039351852,0.0193592391304348,0.565,1.25297986111111,1.114375,1.3125,0.198125,0
"(S-64)  National Steel","Fluorescence",2018-08-04,24,1.13,1.6025,1.33347905092593,0.0165238111413043,0.4725,1.35136875,1.25625,1.446875,0.190625,0
"(S-64)  National Steel","Fluorescence",2018-08-05,24,1.145,1.815,1.51787390046296,0.0382258038949275,0.67,1.54638055555556,1.446875,1.7125,0.265625,0
"(S-64)  National Steel","Fluorescence",2018-08-06,24,1.2875,1.755,1.47851961805556,0.0138721807065217,0.4675,1.45780555555556,1.37125,1.529375,0.158125,0
"(S-64)  National Steel","Fluorescence",2018-08-07,24,1.1125,2.295,1.55197355324074,0.105358831521739,1.1825,1.5511875,1.355,1.6775,0.3225,0
"(S-64)  National Steel","Fluorescence",2018-08-08,24,1.1325,2.2575,1.60691446759259,0.119515477807971,1.125,1.60661944444445,1.318125,1.895,0.576875,0
"(S-64)  National Steel","Fluorescence",2018-08-09,24,1.06,2.4575,1.61099878472222,0.167870063405797,1.3975,1.61605069444444,1.37625,1.94125,0.565,0
"(S-64)  National Steel","Fluorescence",2018-08-10,24,0.9525,2.7975,1.67114103009259,0.30071884057971,1.845,1.64642083333333,1.175625,2.026875,0.85125,0
"(S-64)  National Steel","Fluorescence",2018-08-11,24,1.2175,2.6825,1.59729340277778,0.105608514492754,1.465,1.60267222222222,1.3325,1.820625,0.488125,0
"(S-64)  National Steel","Fluorescence",2018-08-12,24,1.0675,4.655,1.78159728009259,0.903138303894928,3.5875,1.8402375,1.249375,2.076875,0.8275,0
"(S-64)  National Steel","Fluorescence",2018-08-13,24,1.1825,2.7625,1.68796012731481,0.186413756793478,1.58,1.65341388888889,1.310625,1.909375,0.59875,0
"(S-64)  National Steel","Fluorescence",2018-08-14,24,1.24,2.075,1.66948177083333,0.0902407495471015,0.835,1.67473888888889,1.390625,1.923125,0.5325,0
"(S-64)  National Steel","Fluorescence",2018-08-15,24,1.3575,1.985,1.61487725694444,0.0306276721014493,0.6275,1.58880277777778,1.445,1.7075,0.2625,0
"(S-64)  National Steel","Fluorescence",2018-08-16,24,1.1925,1.7925,1.51744751157407,0.017836231884058,0.6,1.51194236111111,1.405625,1.61125,0.205625,0
"(S-64)  National Steel","Fluorescence",2018-08-17,24,1.2325,2.2925,1.61200237268519,0.0741856884057971,1.06,1.63342708333333,1.48625,1.753125,0.266875,0
"(S-64)  National Steel","Fluorescence",2018-08-18,24,1.2025,1.7125,1.503121875,0.0168701086956522,0.51,1.48335763888889,1.3825,1.538125,0.155625,0
"(S-64)  National Steel","Fluorescence",2018-08-19,24,1.105,2.815,1.65559033564815,0.118340760869565,1.71,1.66749652777778,1.5425,1.818125,0.275625,0
"(S-64)  National Steel","Fluorescence",2018-08-20,24,1.155,3.175,1.86420914351852,0.191099716938406,2.02,1.89430138888889,1.68125,2.143125,0.461875,0
"(S-64)  National Steel","Fluorescence",2018-08-21,24,1.155,3.17,2.09343640046296,0.372543432971014,2.015,2.10209930555556,1.6575,2.569375,0.911875,0
"(S-64)  National Steel","Fluorescence",2018-08-22,24,1.3675,3.1025,2.00032239583333,0.234687998188406,1.735,2.01773888888889,1.65875,2.281875,0.623125,0
"(S-64)  National Steel","Fluorescence",2018-08-23,24,1.19,4.8325,2.4571775462963,1.10055922780797,3.6425,2.48055208333333,1.76625,3.0575,1.29125,0
"(S-64)  National Steel","Fluorescence",2018-08-24,24,1.9675,3.91,2.60944027777778,0.258668432971014,1.9425,2.59135277777778,2.218125,2.8625,0.644375,0
"(S-64)  National Steel","Fluorescence",2018-08-25,24,1.7175,3.7,2.48821643518519,0.280885858242754,1.9825,2.49804375,2.1625,2.69875,0.53625,0
"(S-64)  National Steel","Fluorescence",2018-08-26,24,1.8125,3.4875,2.49761707175926,0.225504608242754,1.675,2.49458055555556,2.160625,2.704375,0.54375,0
"(S-64)  National Steel","Fluorescence",2018-08-27,24,1.9225,4.085,2.59538333333333,0.285874082880435,2.1625,2.59077430555556,2.251875,2.98625,0.734375,0
"(S-64)  National Steel","Fluorescence",2018-08-28,24,1.785,3.0325,2.47941550925926,0.108270108695652,1.2475,2.48770486111111,2.1,2.661875,0.561875,0
"(S-64)  National Steel","Fluorescence",2018-08-29,24,2.11,2.9175,2.41651614583333,0.0492666666666667,0.8075,2.45280694444444,2.306875,2.540625,0.233750000000001,0
"(S-64)  National Steel","Fluorescence",2018-08-30,24,1.67,3.185,2.30339872685185,0.182498086503623,1.515,2.30914305555556,1.93125,2.574375,0.643125,0
"(S-64)  National Steel","Fluorescence",2018-08-31,24,1.78,2.8275,2.15264421296296,0.0568139492753623,1.0475,2.14526388888889,1.9075,2.1575,0.25,0
"(S-64)  National Steel","Fluorescence",2018-09-01,24,1.6675,2.625,2.06806417824074,0.0527460144927536,0.9575,2.03897152777778,1.935,2.143125,0.208125,0
"(S-64)  National Steel","Fluorescence",2018-09-02,24,1.705,2.6825,2.12822204861111,0.0598953691123188,0.9775,2.12697430555556,2.02125,2.27,0.248749999999999,0
"(S-64)  National Steel","Fluorescence",2018-09-03,24,1.7275,3.155,2.42221365740741,0.100233140851449,1.4275,2.43084583333333,2.250625,2.565,0.314375,0
"(S-64)  National Steel","Fluorescence",2018-09-04,24,2.0175,3.4225,2.63624837962963,0.140371456068841,1.405,2.65892986111111,2.358125,2.805625,0.4475,0
"(S-64)  National Steel","Fluorescence",2018-09-05,24,2.2125,3.5875,2.93463668981481,0.114724275362319,1.375,2.94418125,2.740625,3.130625,0.39,0
"(S-64)  National Steel","Fluorescence",2018-09-06,24,2.1375,3.64,2.77599137731482,0.156665172101449,1.5025,2.75727291666667,2.448125,2.966875,0.51875,0
"(S-64)  National Steel","Fluorescence",2018-09-07,24,1.9275,3.665,2.67473020833333,0.255836673460145,1.7375,2.69804583333333,2.341875,2.998125,0.65625,0
"(S-64)  National Steel","Fluorescence",2018-09-08,24,2.2725,3.61,3.03226591435185,0.143597237318841,1.3375,3.03425347222222,2.856875,3.305625,0.44875,0
"(S-64)  National Steel","Fluorescence",2018-09-09,24,2.4725,3.5375,3.03407459490741,0.0557214560688406,1.065,3.01888194444444,2.888125,3.129375,0.24125,0
"(S-64)  National Steel","Fluorescence",2018-09-10,24,2.5625,3.5125,2.98930451388889,0.0567785212862319,0.95,2.98710833333333,2.853125,3.12,0.266875,0
"(S-64)  National Steel","Fluorescence",2018-09-11,24,2.5525,3.335,2.90924728009259,0.0497050611413043,0.7825,2.89773333333333,2.750625,3.04375,0.293125,0
"(S-64)  National Steel","Fluorescence",2018-09-12,24,2.4975,3.6275,2.92291712962963,0.086320606884058,1.13,2.92702013888889,2.719375,3.049375,0.33,0
"(S-64)  National Steel","Fluorescence",2018-09-13,24,2.4925,3.1625,2.78971186342593,0.0309483582427536,0.67,2.78495694444444,2.68125,2.885625,0.204375,0
"(S-64)  National Steel","Fluorescence",2018-09-14,24,2.4675,3.045,2.70577019675926,0.0320960144927536,0.5775,2.71359513888889,2.605,2.851875,0.246875,0
"(S-64)  National Steel","Fluorescence",2018-09-15,24,2.3975,3.2225,2.72247135416667,0.0766673913043479,0.825,2.72973333333333,2.496875,2.86625,0.369375,0
"(S-64)  National Steel","Fluorescence",2018-09-16,24,2.42,3.3325,2.7789603587963,0.0564061141304348,0.9125,2.78035763888889,2.600625,2.915,0.314375,0
"(S-64)  National Steel","Fluorescence",2018-09-17,24,2.4075,3.6875,2.87563269675926,0.14565634057971,1.28,2.89966319444444,2.580625,3.271875,0.69125,0
"(S-64)  National Steel","Fluorescence",2018-09-18,24,2.33,3.65,2.96312945601852,0.161277128623188,1.32,2.93697291666667,2.585625,3.191875,0.60625,0
"(S-64)  National Steel","Fluorescence",2018-09-19,24,2.485,3.8075,3.15664809027778,0.138490579710145,1.3225,3.17150902777778,2.881875,3.485,0.603125,0
"(S-64)  National Steel","Fluorescence",2018-09-20,24,1.5525,3.5575,2.45485578703704,0.35022761548913,2.005,2.42461736111111,2.014375,2.770625,0.75625,0
"(S-64)  National Steel","Fluorescence",2018-09-21,24,1.4925,2.5425,1.92763112002307,0.098412454710145,1.05,1.91790208333333,1.673125,2.16375,0.490625,0
"(S-64)  National Steel","Fluorescence",2018-09-22,24,1.31383238174528,2.84,1.81511061282246,0.193225527067109,1.52616761825472,1.8131928413037,1.463125,2.12375,0.660625,0
"(S-64)  National Steel","Fluorescence",2018-09-23,24,1.1625,3.1475,1.75302667824074,0.383719282155797,1.985,1.75385833333333,1.30875,2.1425,0.83375,0
"(S-64)  National Steel","Fluorescence",2018-09-24,24,1.05,3.255,1.79767806712963,0.386271014492754,2.205,1.79312847222222,1.3025,2.255,0.9525,0
"(S-64)  National Steel","Fluorescence",2018-09-25,24,1.175,3.59,2.00178142361111,0.495658956068841,2.415,2.04098611111111,1.503125,2.5425,1.039375,0
"(S-64)  National Steel","Fluorescence",2018-09-26,24,1.4325,3.275,2.12936446759259,0.31738097826087,1.8425,2.13260972222222,1.745,2.486875,0.741874999999999,0
"(S-64)  National Steel","Fluorescence",2018-09-27,24,1.505,3.8425,2.16307280092593,0.383068297101449,2.3375,2.16999027777778,1.744375,2.3925,0.648125,0
"(S-64)  National Steel","Fluorescence",2018-09-28,24,1.5975,3.3175,2.22377673611111,0.252910869565217,1.72,2.21755763888889,1.88,2.4475,0.5675,0
"(S-64)  National Steel","Fluorescence",2018-09-29,24,1.745,3.185,2.2966796875,0.144830570652174,1.44,2.29292152777778,2.09125,2.406875,0.315625,0
"(S-64)  National Steel","Fluorescence",2018-09-30,24,1.8075,3.5675,2.51041770833333,0.213057427536232,1.76,2.51092430555556,2.1375,2.835,0.697499999999999,0
