"contrast","Region","estimate","SE","df","t.ratio","p.value"
"Year2017 - Year2018","River",0.752067738349641,0.24094025303095,2064.06266430536,3.12138685374848,0.0476277520880601
"Year2017 - Year2019","River",0.62059302113511,0.223880685072658,2064.01680211861,2.77198107078198,0.12433514238717
"Year2017 - Year2020","River",1.25770735755813,0.223293276644137,2064.01237734624,5.63253572369107,7.22166525357615e-07
"Year2017 - Year2021","River",1.23963593517489,0.221649756483896,2064.01124277256,5.59276921770477,9.05203580203739e-07
"Year2017 - Year2022","River",1.99968936358121,0.222718077454851,2064.00824308712,8.97856782185355,5.69747582446212e-11
"Year2017 - Year2023","River",-0.00237559388693643,0.327439705122924,2064.13342366166,-0.00725505749537799,1
"Year2017 - Year2024","River",0.439979437036236,0.320564449130989,2064.19383069428,1.37251475710724,0.908171470068593
"Year2017 - Year2025","River",1.17252214892889,0.298189780196244,2064.22358039045,3.93213391873201,0.00280524171423346
"Year2018 - Year2019","River",-0.131474717214531,0.205151677817626,2064.13133234429,-0.640865912544028,0.999367218369592
"Year2018 - Year2020","River",0.505639619208491,0.204510659880496,2064.12744557367,2.47243649550569,0.246044890656562
"Year2018 - Year2021","River",0.487568196825252,0.20281629183937,2064.1656675648,2.40398930679299,0.282113697567473
"Year2018 - Year2022","River",1.24762162523157,0.20393704328735,2064.14586854528,6.11768026603023,4.07385637446467e-08
"Year2018 - Year2023","River",-0.754443332236577,0.314783145952025,2064.14874463088,-2.39670815270256,0.286125871591228
"Year2018 - Year2024","River",-0.312088301313405,0.307558355924519,2064.19724287401,-1.01472873456899,0.984568746224983
"Year2018 - Year2025","River",0.420454410579254,0.284161435219178,2064.23056376702,1.47963220362732,0.865176609194073
"Year2019 - Year2020","River",0.637114336423023,0.183988260971989,2064.03400286252,3.46279883867167,0.0159383846828738
"Year2019 - Year2021","River",0.619042914039784,0.181955353689849,2064.02091103157,3.4021692766181,0.0195684644516385
"Year2019 - Year2022","River",1.3790963424461,0.183252928643503,2064.01515061671,7.52564421564564,5.96122040619207e-11
"Year2019 - Year2023","River",-0.622968615022046,0.301850048178283,2064.11684847687,-2.06383473775064,0.498646970775907
"Year2019 - Year2024","River",-0.180613584098873,0.294445140851743,2064.20374936976,-0.613403174446729,0.999541853471525
"Year2019 - Year2025","River",0.551929127793785,0.26991391208686,2064.24187055804,2.04483393807493,0.511947314612509
"Year2020 - Year2021","River",-0.018071422383239,0.181236304199553,2064.01595314633,-0.0997119338923465,0.999999999699755
"Year2020 - Year2022","River",0.741982006023082,0.182587504136195,2064.02903326184,4.06370638304813,0.0016472558300652
"Year2020 - Year2023","River",-1.26008295144507,0.301536422759945,2064.15087806583,-4.17887477708864,0.00101761124102839
"Year2020 - Year2024","River",-0.817727920521896,0.293913889640792,2064.18946882585,-2.78220237063748,0.121188482622348
"Year2020 - Year2025","River",-0.0851852086292375,0.269334278343121,2064.22511049561,-0.316280605473897,0.999997141056898
"Year2021 - Year2022","River",0.760053428406321,0.180517580638414,2064.004752396,4.2104122253264,0.00088963474874959
"Year2021 - Year2023","River",-1.24201152906183,0.300374430846777,2064.16783145963,-4.13487767770549,0.00122527539613371
"Year2021 - Year2024","River",-0.799656498138657,0.292868273859733,2064.24314329166,-2.73043060485837,0.13777485069396
"Year2021 - Year2025","River",-0.0671137862459985,0.268192850017314,2064.28907523237,-0.250244502199316,0.999999547352727
"Year2022 - Year2023","River",-2.00206495746815,0.301165791952332,2064.16522218755,-6.64771700826178,1.42344247500148e-09
"Year2022 - Year2024","River",-1.55970992654498,0.293754649552483,2064.25757707748,-5.30956677254675,4.33009900069337e-06
"Year2022 - Year2025","River",-0.827167214652319,0.269160496916862,2064.30583165546,-3.07313749278674,0.0549211219245579
"Year2023 - Year2024","River",0.442355030923173,0.378454816375721,2064.04317164357,1.16884502926768,0.962895036025254
"Year2023 - Year2025","River",1.17489774281583,0.359699356414229,2064.04777687724,3.2663326243565,0.03047489839047
"Year2024 - Year2025","River",0.732542711892658,0.352986953439542,2064.0000048595,2.07526851843867,0.490672378529537
"Year2017 - Year2018","Suisun Bay",1.96335901001149,0.241811329106133,2064.02969807382,8.11938389019712,5.65630875470902e-11
"Year2017 - Year2019","Suisun Bay",0.325790826607809,0.22820139796367,2064.01560138678,1.42764605964279,0.887307795727268
"Year2017 - Year2020","Suisun Bay",3.01662655279711,0.234848575634184,2064.02129182954,12.8449855173744,5.67447200339188e-11
"Year2017 - Year2021","Suisun Bay",2.28294938147077,0.240291087443615,2064.03524910976,9.50076594915934,5.71848124408803e-11
"Year2017 - Year2022","Suisun Bay",2.76217832742109,0.237572079840411,2064.0763385906,11.6266959033089,5.72681901900296e-11
"Year2017 - Year2023","Suisun Bay",1.11344625834051,0.356614920798424,2064.09318099916,3.12226492331733,0.047503038750463
"Year2017 - Year2024","Suisun Bay",1.54886743617271,0.323188165308487,2064.22312926295,4.79246334621907,6.17224190572196e-05
"Year2017 - Year2025","Suisun Bay",1.64403374300139,0.356802000805087,2064.12839759696,4.60769205131079,0.000149536231162428
"Year2018 - Year2019","Suisun Bay",-1.63756818340368,0.203377069631959,2064.09092204782,-8.05188208467703,5.82708326035686e-11
"Year2018 - Year2020","Suisun Bay",1.05326754278562,0.210873299551708,2064.11824359389,4.99478855324377,2.25194203010703e-05
"Year2018 - Year2021","Suisun Bay",0.319590371459279,0.216965904232112,2064.14755041651,1.47299813115971,0.868132746796399
"Year2018 - Year2022","Suisun Bay",0.798819317409599,0.214044181537114,2064.23521926523,3.73203004946475,0.00607216407555156
"Year2018 - Year2023","Suisun Bay",-0.849912751670982,0.341052974480795,2064.07119389826,-2.49202562436188,0.236282051021443
"Year2018 - Year2024","Suisun Bay",-0.414491573838775,0.306050106113774,2064.23646702107,-1.35432586219947,0.91446718545092
"Year2018 - Year2025","Suisun Bay",-0.319325267010101,0.341273628890884,2064.1142188904,-0.935686909205045,0.990921700451288
"Year2019 - Year2020","Suisun Bay",2.6908357261893,0.194884913090572,2064.02776205195,13.807306494468,5.71191982601249e-11
"Year2019 - Year2021","Suisun Bay",1.95715855486296,0.201394097126203,2064.04179896341,9.71805322395574,5.82346393329658e-11
"Year2019 - Year2022","Suisun Bay",2.43638750081328,0.198107842924904,2064.08936957582,12.2982889765592,5.78704861808887e-11
"Year2019 - Year2023","Suisun Bay",0.787655431732697,0.331653701124,2064.10404560341,2.37493333879065,0.298320112388141
"Year2019 - Year2024","Suisun Bay",1.2230766095649,0.295417440873551,2064.26333773386,4.14016385067943,0.00119837023204383
"Year2019 - Year2025","Suisun Bay",1.31824291639358,0.331871093106603,2064.14833701617,3.97215347698311,0.00239073067983786
"Year2020 - Year2021","Suisun Bay",-0.733677171326338,0.20877836971759,2064.00379815894,-3.51414359791566,0.0133487818095668
"Year2020 - Year2022","Suisun Bay",-0.254448225376018,0.205564604337545,2064.02856093718,-1.23780174216279,0.948099125881114
"Year2020 - Year2023","Suisun Bay",-1.9031802944566,0.336331969186645,2064.1247950179,-5.65863631417221,6.22138761507962e-07
"Year2020 - Year2024","Suisun Bay",-1.46775911662439,0.300494949336253,2064.24755942627,-4.88447183510553,3.92197618178658e-05
"Year2020 - Year2025","Suisun Bay",-1.37259280979572,0.336515674603881,2064.16281239508,-4.07883766903703,0.00154752097775657
"Year2021 - Year2022","Suisun Bay",0.47922894595032,0.211666502514889,2064.0108522763,2.26407551623153,0.364680175255796
"Year2021 - Year2023","Suisun Bay",-1.16950312313026,0.340191461147861,2064.1401265176,-3.43777918229977,0.0173562919901918
"Year2021 - Year2024","Suisun Bay",-0.734081945298054,0.304819562370391,2064.2658128611,-2.40825076838756,0.279780825779982
"Year2021 - Year2025","Suisun Bay",-0.63891563846938,0.340407798408823,2064.18473891753,-1.87691246045443,0.629891412378
"Year2022 - Year2023","Suisun Bay",-1.64873206908058,0.338353235081618,2064.1833874885,-4.87281307856528,4.15588822844093e-05
"Year2022 - Year2024","Suisun Bay",-1.21331089124837,0.30276540986939,2064.32104892501,-4.00742902490672,0.00207337044943656
"Year2022 - Year2025","Suisun Bay",-1.1181445844197,0.338612133511126,2064.23726575936,-3.30213974563011,0.0271778330136929
"Year2023 - Year2024","Suisun Bay",0.435421177832206,0.40228687173789,2064.06715938802,1.08236487049944,0.976782323394001
"Year2023 - Year2025","Suisun Bay",0.530587484660881,0.42982866490485,2064.03125757148,1.23441624066263,0.948909780400173
"Year2024 - Year2025","Suisun Bay",0.0951663068286744,0.402001525767455,2064.01870403898,0.236731208039556,0.9999997081118
"Year2017 - Year2018","Suisun Marsh",1.79341421890168,0.322759008495148,2064.06279854251,5.55651173692536,1.11078406350718e-06
"Year2017 - Year2019","Suisun Marsh",0.361840417624192,0.293859871101419,2064.04656998208,1.23133661043263,0.949639404518766
"Year2017 - Year2020","Suisun Marsh",2.51235098058498,0.294518096820023,2064.03865944059,8.53037897403041,5.82026649098566e-11
"Year2017 - Year2021","Suisun Marsh",2.64725354677381,0.29489838187004,2064.04527678217,8.97683307038433,5.74453817847598e-11
"Year2017 - Year2022","Suisun Marsh",3.4826158330609,0.293503342669511,2064.04437026316,11.8656768995724,5.73687763960606e-11
"Year2017 - Year2023","Suisun Marsh",-0.0658707036325781,0.347940371064948,2064.19428090294,-0.189316069966145,0.999999950360614
"Year2017 - Year2024","Suisun Marsh",0.793944523951622,0.344484750263952,2064.27212085782,2.30473053841508,0.33955236558155
"Year2017 - Year2025","Suisun Marsh",1.37457665885181,0.340242475964836,2064.09349453035,4.03999134721166,0.00181572792378881
"Year2018 - Year2019","Suisun Marsh",-1.43157380127749,0.245247735381649,2064.11074486372,-5.83725594468674,2.20449344223717e-07
"Year2018 - Year2020","Suisun Marsh",0.718936761683297,0.245955382083008,2064.07285279438,2.92303732325183,0.0838443905021281
"Year2018 - Year2021","Suisun Marsh",0.853839327872123,0.246379399861757,2064.07108454705,3.46554674762261,0.0157891451769436
"Year2018 - Year2022","Suisun Marsh",1.68920161415922,0.244662402108255,2064.06012334578,6.90421413181335,2.97925462078297e-10
"Year2018 - Year2023","Suisun Marsh",-1.85928492253426,0.307346253730169,2064.10035491746,-6.04947969909728,6.18312676614607e-08
"Year2018 - Year2024","Suisun Marsh",-0.999469694950061,0.303283937653428,2064.16235508586,-3.29549168572253,0.0277652331725983
"Year2018 - Year2025","Suisun Marsh",-0.418837560049874,0.298860649611125,2064.04438615458,-1.40144766664618,0.897557211891049
"Year2019 - Year2020","Suisun Marsh",2.15051056296079,0.206452791072776,2064.01748983215,10.4164760950251,5.7795657149029e-11
"Year2019 - Year2021","Suisun Marsh",2.28541312914961,0.206939134890736,2064.0098764815,11.043890419066,5.7336690950649e-11
"Year2019 - Year2022","Suisun Marsh",3.12077541543671,0.204963296291418,2064.01369980665,15.226020813988,5.78840309017892e-11
"Year2019 - Year2023","Suisun Marsh",-0.42771112125677,0.277136554651397,2064.18867499735,-1.54332264754744,0.834872921907519
"Year2019 - Year2024","Suisun Marsh",0.43210410632743,0.272627251724734,2064.27160636815,1.58496299835688,0.813238472914672
"Year2019 - Year2025","Suisun Marsh",1.01273624122762,0.267504977461749,2064.06412044603,3.78585942899858,0.00495550509162379
"Year2020 - Year2021","Suisun Marsh",0.134902566188826,0.207913308252406,2064.00452257851,0.64884045818296,0.99930710680407
"Year2020 - Year2022","Suisun Marsh",0.97026485247592,0.205977285529578,2064.01931703081,4.71054296099359,9.17664427585452e-05
"Year2020 - Year2023","Suisun Marsh",-2.57822168421756,0.277791816293298,2064.16227950308,-9.2811290073982,5.80886450052276e-11
"Year2020 - Year2024","Suisun Marsh",-1.71840645663336,0.273206898816223,2064.2224525028,-6.28976231595554,1.39670439658346e-08
"Year2020 - Year2025","Suisun Marsh",-1.13777432173317,0.268195843995963,2064.04302389566,-4.24232644615589,0.000775656847482487
"Year2021 - Year2022","Suisun Marsh",0.835362286287094,0.206457581356826,2064.00901627734,4.04616910067989,0.00177035650430013
"Year2021 - Year2023","Suisun Marsh",-2.71312425040638,0.278107044410112,2064.14260515171,-9.75568330590527,5.71979130725708e-11
"Year2021 - Year2024","Suisun Marsh",-1.85330902282218,0.273586990167068,2064.21702442029,-6.77411240092391,6.42751851742673e-10
"Year2021 - Year2025","Suisun Marsh",-1.272676887922,0.268590909744545,2064.04283013049,-4.73834683806847,8.02703841311647e-05
"Year2022 - Year2023","Suisun Marsh",-3.54848653669348,0.27666105945649,2064.15621309854,-12.8261148990921,5.80109293935038e-11
"Year2022 - Year2024","Suisun Marsh",-2.68867130910928,0.272160927660725,2064.24150987418,-9.87897613452054,5.76260150708663e-11
"Year2022 - Year2025","Suisun Marsh",-2.10803917420909,0.267063711193288,2064.04439088089,-7.89339429452995,5.76362291226928e-11
"Year2023 - Year2024","Suisun Marsh",0.8598152275842,0.329040999508997,2064.0502815684,2.61309450453663,0.181593009393468
"Year2023 - Year2025","Suisun Marsh",1.44044736248439,0.325459184420134,2064.08269872548,4.4258924972445,0.000345189207444307
"Year2024 - Year2025","Suisun Marsh",0.580632134900187,0.32134351732185,2064.0753344517,1.80688921232738,0.677701828325934
